Иероглиф,Основное значение,Дополнительное значение,Примечание
一,один,,
乙,второй,второй пункт,
二,два,,
十,десять,,
丁,четвёртый небесный ствол,взрослый мужчина,
厂,завод,,
七,семь,,
卜,гадать,,
八,восемь,,
人,человек,,
入,входить,,
儿,ребёнок,,
匕,большая ложка,,
几,несколько,,
九,девять,,
刁,хитрый,,
了,показатель завершённости,изменение состояния,служебный знак; значение зависит от конструкции
刀,нож,,
力,сила,,
乃,именно,тогда; только тогда,
又,снова,,
三,три,,
干,сухой,делать; работать,упрощение 乾 / 幹
于,для,,
亏,быть недостаточным,,
工,работа,,
土,земля,,
士,учёный,,
才,талант,только; лишь,
下,низкий,,
寸,цунь,,
大,большой,,
丈,чжан,,
与,и,давать,
万,десять тысяч,,
上,верхний,,
小,маленький,,
口,рот,,
山,гора,,
巾,полотенце,,
千,тысяча,,
乞,просить,,
川,река,,
亿,сто миллионов,,
个,счётное слово,отдельный,
夕,вечер,,
久,долгий,,
么,суффикс разговорных форм,вопросительная частица,
勺,черпак,,
凡,обычный,,
丸,шарик,,
及,догонять,,
广,широкий,,
亡,гибнуть,,
门,ворота,,
丫,рогулька,,
义,справедливость,,
之,книжная частица,его; этот,
尸,труп,,
己,себя,,
已,уже,прекращать,
巳,знак змеи,,
弓,лук,,
子,сын,,
卫,охранять,,
也,тоже,,
女,женщина,,
刃,остриё,,
飞,летать,,
习,учиться,,
叉,вилка,,
马,лошадь,,
乡,деревня,,
丰,богатый,,
王,король,,
开,открывать,начинать,
井,колодец,,
天,небо,,
夫,муж,мужчина,
元,юань,,
无,нет,без,
云,облако,,
专,специальный,,
丐,нищий,,
扎,уколоться,,
艺,искусство,,
木,дерево,,
五,пять,,
支,поддерживать,,
厅,зал,,
不,не,,
犬,собака,,
太,слишком,,
区,район,,
历,опыт,календарь,
歹,дурной,,
友,друг,,
尤,особенный,,
匹,единица,,
车,транспорт,,
巨,крупный,,
牙,зуб,,
屯,собирать,,
戈,клевец,,
比,сравнивать,чем; по сравнению,
互,взаимно,,
切,резать,,
瓦,черепица,,
止,стоять,,
少,мало,,
曰,говорить,,
日,день,солнце,
中,середина,внутри,
贝,раковина,,
冈,холм,,
内,внутренняя часть,,
水,вода,,
见,видеть,,
午,полдень,,
牛,крупный рогатый скот,,
手,рука,,
气,газ,,
毛,шерсть,,
壬,девятый небесный ствол,,
升,литр,,
夭,цветущий,,
长,длинный,расти,полифония cháng / zhǎng
仁,гуманность,,
什,десять,,
片,листок,,
仆,падать ничком,,
化,превращаться,,
仇,враг,,
币,деньги,,
仍,по-прежнему,,
仅,только,,
斤,цзинь,,
爪,коготь,,
反,опрокидываться,,
介,посредничать,,
父,отец,,
从,следовать,,
仑,только в сочетании,,
今,сегодняшний день,,
凶,преступный,,
分,делить,,
乏,не хватать,,
公,бескорыстный,,
仓,житница,,
月,луна,,
氏,род,,
勿,запретительная частица,,
欠,недоставать,,
风,ветер,,
丹,киноварь,,
匀,равный,,
乌,ворон,,
勾,вступать в сговор,,
凤,феникс самец,,
六,шесть,,
文,иероглифы,,
亢,высокий,,
方,квадрат,,
火,огонь,,
为,делать,для; ради,
斗,бороться,,
忆,думать,,
计,план,,
订,заключать,,
户,дверь,,
认,знать,,
冗,излишний,,
讥,высмеивать,,
心,сердце,,
尺,мерная линейка,,
引,натягивать,,
丑,безобразный,,
巴,боа,,
孔,щель,,
队,отряд,,
办,делать,,
以,с помощью,чтобы,
允,разрешать,,
予,оказывать,,
邓,сокр. Дэнсянь,,
劝,убеждать,,
双,два,,
书,книга,,
幻,иллюзия,,
玉,жад,,
刊,вырезать,,
未,ещё не,,
末,верхушка,,
示,выражать,,
击,бить,,
打,ударять,делать,
巧,обладающий мастерством,,
正,прямой,,
扑,бить,,
卉,травы,,
扒,копать,,
功,заслуга,,
扔,бросать,,
去,уходить,,
甘,сладкий,,
世,поколение,,
艾,полынь,,
古,древний,,
节,коленце,,
本,корень,,
术,искусство,,
可,модальный глагол возможности совершения действия,,
丙,бин,,
左,левый,,
厉,злой,,
石,камень,,
右,правый,,
布,ткань,,
夯,трамбовка,,
戊,кит. астр. пятый сектор неба,,
龙,дракон,,
平,ровный,,
灭,тухнуть,,
轧,теснить,,
东,восток,,
卡,карточка,,
北,север,,
占,занимать,,
凸,выступ,,
卢,убокое деревянное блюдо,,
业,дело,,
旧,старый,,
帅,руководить,,
归,уезжать назад,,
旦,утро,,
目,глаза,,
且,пока,,
叶,лист,,
甲,панцирь,первый небесный ствол,
申,шэнь,,
叮,жалить,,
电,электричество,,
号,прозвание,,
田,поле,,
由,сквозь,,
只,только,счётное слово,
叭,бах!,,
史,ория,,
央,просить,,
兄,старший брат,,
叽,закусывать,,
叼,держать во рту,,
叫,кричать,,
叩,класть земной поклон,,
叨,брюзжать,,
另,другой,,
叹,вздыхать в восхищении,,
冉,слабый,,
皿,сосуд,,
凹,вдавленный,,
囚,арестовать,,
四,четыре,,
生,родиться,,
矢,стрела,,
失,терять,,
乍,внезапно,,
禾,хлеб на корню,,
丘,холм,,
付,передавать,,
仗,оружие,,
代,замещать,,
仙,отшельник,,
们,показатель множественного числа,,
仪,обряд,,
白,белый,,
仔,южн. диал. детёныш,,
他,он,,
斥,прогонять,,
瓜,дыня,,
乎,вопросительная модальная частица литературного языка,,
丛,густая растительность,,
令,приказ,,
用,применять,,
甩,отбрасывать,,
印,печать,,
尔,ты,,
乐,радость,музыка,полифония lè / yuè
句,фраза,,
匆,быстрый,,
册,тетрадь,,
卯,мао,,
犯,преступать,,
外,внешняя часть,,
处,место,обрабатывать; решать,
冬,зима,,
鸟,птица,,
务,дело,,
包,обёртывать,,
饥,голодающий,,
主,хозяин,,
市,торжок,,
立,стоять,,
冯,переходить вброд,,
玄,чёрный,,
闪,сверкать,,
兰,орхидея,,
半,половина,,
汁,сок,,
汇,стекаться,,
头,голова,,
汉,Хань,,
宁,спокойный,,
穴,пещера,,
它,он,,
讨,идти карательным походом,,
写,писать,,
让,уступать,,
礼,церемония,,
训,учить,,
议,обсуждение,,
必,модальное,,
讯,допрашивать,,
记,помнить,,
永,долговременный,,
司,управлять,,
尼,будд. монахиня,,
民,народ,,
弗,не,,
弘,большой,,
出,выходить,,
辽,далёкий,,
奶,грудь,,
奴,раб,,
召,звать,,
加,добавлять,,
皮,кожа,,
边,край,,
孕,забеременеть,,
发,отправлять,волосы,упрощение 發 / 髮
圣,гениальный,,
对,правильный,,
台,земляная терраса,,
矛,древко протазана,,
纠,обматывать,,
母,матушка,,
幼,младенческий,,
丝,шелковинка,,
邦,государство,,
式,образец,,
迂,далёкий,,
刑,наказание,,
戎,оружие,,
动,двигаться,,
扛,нести,,
寺,буддийский храм,,
吉,счастье,,
扣,удерживать,,
考,познавать,,
托,подносить,,
老,старый,,
巩,перевязывать,,
圾,мусор,,
执,брать,,
扩,расширять кооператив,,
扫,и,,
地,земля,наречная частица,лексическое и служебное употребление
场,площадь,,
扬,поднимать,,
耳,ухо,,
芋,таро,,
共,совместно,,
芒,ость,,
亚,уступать,,
芝,трутовик,,
朽,гнить,,
朴,простой,,
机,пусковой механизм,,
权,власть,,
过,проходить,слишком,лексическое и грамматикализованное употребление
臣,вассал,,
吏,чиновник,,
再,снова,,
协,сотрудничать,,
西,запад,,
压,давить,,
厌,пресыщаться,,
戌,одиннадцатый из двенадцати циклических знаков,,
在,жить,,
百,сто,,
有,обладать,,
存,вклад,,
而,и,но,
页,лист,,
匠,столяр,,
夸,хвалить,,
夺,отнимать силой,,
灰,зола,,
达,достигать,,
列,комп. столбцы,,
死,умереть,,
成,заканчиваться,,
夹,сжимать,,
夷,этн. и,,
轨,колея,,
邪,злой,,
尧,высокий,,
划,проводить черту,,
迈,ступать,,
毕,заканчивать,,
至,доходить,,
此,этот,,
贞,прямой,,
师,наставник,,
尘,пыль,,
尖,остриё,,
劣,плохой,,
光,свет,,
当,быть,когда,полифония dāng / dàng
早,утро,,
吁,ах!,,
吐,блевотина,,
吓,гневаться,,
虫,насекомые,,
曲,кривой,,
团,дружина,,
吕,люй,,
同,одинаковый,,
吊,оплакивать,,
吃,есть,,
因,причина,,
吸,вдыхать,,
吗,конечная частица вопросительных предложений,,
吆,громко кричать,,
屿,острова,,
屹,высокий,,
岁,год,,
帆,парус,,
回,вращаться,,
岂,выражает риторический вопрос,,
则,пример,,
刚,твёрдый,,
网,сеть,,
肉,мясо,,
年,год,,
朱,красная краска,,
先,прежний,,
丢,потерять,,
廷,двор,,
舌,язык,,
竹,бамбук,,
迁,переселяться,,
乔,высокий,,
迄,доходить,,
伟,великий,,
传,передавать,биография,
乒,вдалеке раздался звук удара,,
乓,понг,,
休,прекращаться,,
伍,пять,,
伏,лежать ничком,,
优,превосходный,,
臼,толчея,,
伐,нападать,,
延,растягиваться,,
仲,средний из братьев,,
件,одно] дело,,
任,носить в охапке,,
伤,рана,,
价,цена,,
伦,основы морали,,
份,часть,,
华,цветущий,,
仰,запрокинуть голову,,
仿,подражать,,
伙,стол,,
伪,ненастоящий,,
自,сам,,
伊,этот,,
血,кровь,,
向,поворачиваться к,,
似,быть похожим,,
后,после,сзади,后 и 後 различаются в традиционном письме
行,идти,профессия; ряд,полифония xíng / háng
舟,лодка,,
全,полный,,
会,уметь,собрание,
杀,убивать,,
合,закрывать,,
兆,предзнаменование,,
企,вставать на носки,,
众,толпа,,
爷,отец,,
伞,зонт,,
创,основывать,,
肌,мускул,,
肋,рёбра левой стороны,,
朵,счётное слово для цветов,,
杂,смешанный,,
危,опасный,,
旬,декада,,
旨,стремление,,
旭,взошедшее солнце,,
负,нести на плечах,,
匈,Венгрия,,
名,имя,,
各,каждый,,
多,много,,
争,бороться,,
色,цвет,,
壮,здоровый,,
冲,рваться вперёд,,
妆,наносить макияж,,
冰,лёд,,
庄,поля,,
庆,праздновать,,
亦,аналогично,,
刘,геогр. Лю,,
齐,ровный,,
交,передавать,,
衣,одежда,,
次,очередь,,
产,рожать,,
决,прорываться,,
亥,хай,,
充,наполнять,,
妄,абсурдный,,
闭,закрывать,,
问,спрашивать,,
闯,врываться,,
羊,баран,,
并,стоять рядом,,
关,закрывать,,
米,обрушенный рис,,
灯,уличный фонарь,,
州,окружной центр,,
汗,пот,,
污,грязный,,
江,река,,
汛,поливать,,
池,пруд,,
汝,ты,,
汤,кипящая вода,,
忙,спешный,,
兴,подъём,,
宇,стреха крыши,,
守,охранять,,
宅,жилище,,
字,цзы,,
安,спокойный,,
讲,говорить,,
讳,не называть,,
军,рать,,
讶,изумляться,,
许,разрешать,,
讹,ошибка,,
论,говорить,,
讼,тяжба,,
农,земледелие,,
讽,декламировать на память,,
设,учреждать,,
访,навещать,,
诀,расставаться,,
寻,искать,,
那,указательное,,
迅,вихрь,,
尽,заканчивать,,
导,направлять,,
异,иной,,
弛,отпустить,,
孙,внук,,
阵,строй,,
阳,филос. ян,,
收,получать,,
阶,ступени,,
阴,филос. инь,,
防,предупреждать,,
奸,зло,,
如,походить на,,
妇,замужняя женщина,,
妃,императорская наложница,,
好,хороший,,
她,он любит её,,
妈,мама,,
戏,театр,,
羽,перо,,
观,смотреть на что-л,,
欢,радоваться,,
买,купить,,
红,красный,,
驮,тащить на спине,,
纤,тонкий,,
驯,быть ручным,,
约,сдерживать,,
级,уровень,,
纪,управлять,,
驰,мчаться,,
纫,снабдить ниткой,,
巡,объезжать,,
寿,долголетие,,
弄,играть,,
麦,пшеница,,
玖,чёрный нефрит,,
玛,Маттео,,
形,форма,,
进,входить,,
戒,остерегаться,,
吞,отать,,
远,далёкий,,
违,нарушать,,
韧,эластичный,,
运,перемещать,,
扶,поддерживать,,
抚,адить,,
坛,жертвенник,,
技,искусство,,
坏,плохой,,
抠,приподнимать,,
扰,беспокоить,,
扼,схватить,,
拒,отбивать,,
找,искать,,
批,критиковать,,
址,фундамент,,
扯,рвать,,
走,ходить,,
抄,грабить,,
贡,дань,,
汞,ртуть,,
坝,плотина,,
攻,нападать,,
赤,красный,,
折,ломать,,
抓,схватить,,
扳,тянуть на себя,,
抡,выбирать,,
扮,одеваться,,
抢,отнимать силой,,
孝,почитание родителей,,
坎,яма,,
均,равный,,
抑,давить,,
抛,бросать,,
投,бросать,,
坟,могила,,
坑,яма,,
抗,сопротивляться,,
坊,квартал,,
抖,дрожать,,
护,защищать,,
壳,твёрдая оболочка,,
志,стремление,,
块,ком,,
扭,крутиться,,
声,звук,,
把,держать,показатель конструкции 把,лексическое и грамматическое употребление
报,газета,,
拟,предполагать,,
却,отступать,,
抒,выражать,,
劫,грабить,,
芙,гибискус,,
芜,пустырь,,
苇,тонкий тростник,,
芽,почка,,
花,цветок,тратить,
芹,сельдерей,,
芥,горчица пониклая,,
芬,аромат,,
苍,зелёный,,
芳,приятный запах,,
严,строгий,,
芦,тростник обыкновенный,,
芯,фитиль,,
劳,трудиться,,
克,справиться,,
芭,название душистой травы,,
苏,перилла нанкинская,,
杆,палка,,
杠,палка,,
杜,груша берёзолистная,,
材,сырьё,,
村,деревня,,
杖,посох,,
杏,абрикос,,
杉,ель,,
巫,танцовщица-шаманка,,
极,оконечность,,
李,слива,,
杨,ива Матсуды,,
求,искать,,
甫,отец,почтительное обращение,
匣,ящичек,,
更,меняться,,
束,вязать,,
吾,я,,
豆,бобы,,
两,два,,
酉,знак Петуха,,
丽,красивый,,
医,врач,,
辰,чэнь,,
励,поощрять,,
否,не,,
还,ещё,возвращать,полифония hái / huán
尬,неловкий,,
歼,ребить крупнейших вожаков,,
来,приходить,,
连,соединяться,,
轩,высокий борт колесницы,,
步,шаг,,
卤,солончаки,,
坚,твёрдый,,
肖,напоминать,,
旱,засуха,,
盯,уставиться,,
呈,офиц. рапортом доносить,,
时,час,,
吴,У У,,
助,помогать,,
县,уезд,,
里,подкладка,,
呆,тупой,,
吱,чириканью,,
吠,петухи поют,,
呕,рвать,,
园,плодовый сад,,
旷,ясный,,
围,окружать,,
呀,недоумение,,
吨,длинная тонна,,
足,нога,,
邮,почта,,
男,мужчина,,
困,бедный,,
吵,шуметь,,
串,нанизывать,,
员,чиновник,,
呐,орать,,
听,слушать,,
吟,читать нараспев,,
吩,приказывать,,
呛,поперхнуться,раздражать запахом,
吻,губы,,
吹,дуть,,
呜,гудеть,,
吭,горло,,
吧,хлоп!,,
邑,город,,
吼,рычать,,
囤,амбар,,
别,различаться,,
吮,сосать грудь,,
岖,круча,,
岗,пост,,
帐,занавеска,,
财,богатство,,
针,иголка,,
钉,гвоздь,,
牡,самец,,
告,говорить,,
我,я,,
乱,спутанный,,
利,польза,,
秃,плешивый,,
秀,колос,,
私,личный,,
每,каждый,,
兵,солдат,,
估,оценивать,,
体,тело,,
何,А. вопросительное,,
佐,помощник,,
佑,благословить,,
但,однако,,
伸,вытягивать,,
佃,обрабатывать землю,,
作,делать,,
伯,дядя,,
伶,актёр,,
佣,наниматься в работники,,
低,низкий,,
你,мы с тобой,,
住,проживать,,
位,местоположение,,
伴,товарищ,,
身,тело,,
皂,мыло,,
伺,следить,,
佛,буддизм,,
囱,отверстие над очагом,,
近,близкий,,
彻,проходить до,,
役,повинность,,
返,возвращаться,,
余,остаток,,
希,надеяться,редкий,
坐,сидеть,,
谷,долина,,
妥,надлежащий,,
含,держать во рту,,
邻,сосед,,
岔,ответвление,,
肝,печень,,
肛,задний проход,,
肚,живот,,
肘,локоть,,
肠,кишки,,
龟,пресноводная черепаха,,
甸,округа,окрестности столицы,
免,избегать,,
狂,бешеный,,
犹,всё ещё,,
狈,мифический зверь,,
角,рог,,
删,сокращать,,
条,ветка,,
彤,ярко-красный,,
卵,яйцеклетка,,
灸,кит. мед. прижигать,,
岛,остров,,
刨,рыть,,
迎,встречать,,
饭,еда,,
饮,пить,,
系,система,привязывать,
言,речь,,
冻,замерзать,,
状,наружность,,
亩,Китайский акр,,
况,положение,тем более,
床,кровать,,
库,сарай,,
庇,защищать,,
疗,лечить,,
吝,скупой,,
应,следует,отвечать; откликаться,
这,это,,
冷,холодный,,
庐,хижина,,
序,порядок,,
辛,терпкий,,
弃,бросать,,
冶,плавить,,
忘,забывать,,
闰,вставной месяц,,
闲,свободное время,,
间,промежуток времени,,
闷,невесёлый,,
判,решать,,
兑,менять,,
灶,кухонный очаг,,
灿,сияющий,,
灼,жечь,,
弟,младший брат,,
汪,ширь,,
沐,мыть голову,,
沛,проливной,,
汰,мыть,,
沥,капать,,
沙,песок,,
汽,пар,,
沃,поливать,,
沦,потонуть,,
汹,заваливать бурлящую пучину,,
泛,плыть,,
沧,голубой,,
没,то не,,
沟,канава,,
沪,сокр. Шанхай,,
沈,сок,,
沉,тонуть,,
沁,просачиваться,,
怀,пазуха,,
忧,горевать,,
忱,искренность,,
快,скорый,,
完,завершить,,
宋,сунская эпоха,,
宏,обширный,,
牢,загон,,
究,расследовать,,
穷,бедный,,
灾,стихийное бедствие,,
良,хороший,,
证,доказывать,,
启,открывать,,
评,оценивать,,
补,латать,,
初,начальный,,
社,общество,,
祀,жертвоприношение,,
识,знать,,
诈,обманывать,,
诉,жаловаться,,
罕,редкий,,
诊,осматривать,,
词,слово,,
译,переводить,,
君,государь,,
灵,душа,,
即,подходить близко,,
层,этаж,,
屁,газы,,
尿,моча,,
尾,/счётное слово,,
迟,замедленный,,
局,бюро,,
改,изменяться,,
张,натягивать,,
忌,завидовать,,
际,межа,,
陆,суша,,
阿,холм,,
陈,расставлять,,
阻,преграждать,,
附,прикрепить,,
坠,падать,,
妓,публичный дом,,
妙,красивый,,
妖,странный,,
姊,старшая сестра,,
妨,вредить,,
妒,завидовать,,
努,напрягать,,
忍,стерпеть,,
劲,сила,,
矣,конечная частица,уже; же,
鸡,курица,,
纬,уток,,
驱,нестись,,
纯,чистый,,
纱,нить,,
纲,посадка,,
纳,вносить,,
驳,опровергать,,
纵,распускаться,,
纷,смешанный,,
纸,бумага,,
纹,узор,,
纺,прясть,,
驴,осёл,,
纽,верёвочная петля,,
奉,принимать,,
玩,играть,,
环,кольцо,,
武,военное дело,,
青,густой,,
责,ответственность,,
现,ныне,,
玫,роза,,
表,поверхность,таблица,
规,циркуль,,
抹,тереть,,
卦,триграмма,,
坷,только в сочетании,,
坯,из необожжённой глины,,
拓,расширять,,
拢,сблизиться,,
拔,вытаскивать,,
坪,ровная местность,,
拣,выбирать,,
坦,ровный и широкий,,
担,нести,,
坤,Кунь,,
押,закладывать,,
抽,тащить на себя,,
拐,обмануть,,
拖,тянуть,,
者,тот,суффикс деятеля,
拍,ракетка,,
顶,голова,,
拆,разбирать,,
拎,нести в руках,,
拥,обнимать,,
抵,соответствовать,,
拘,хватать,,
势,сила,,
抱,обнимать,,
拄,устанавливать,,
垃,отбросы,,
拉,тянуть,,
拦,преграждать,,
幸,счастливый,,
拌,мешать,,
拧,выжимать,,
拂,сметать,,
拙,тупоумный,,
招,манить,,
坡,склон,,
披,накидывать,,
拨,толкать,,
择,выбирать,,
抬,поднимать,,
拇,большой палец ноги,,
拗,ломать,,
其,его,этот; тот,
取,брать,,
茉,жасмин,,
苦,горький,,
昔,прежде,,
苛,жестокий,,
若,быть схожим,,
茂,цветущий,,
苹,яблоко,,
苗,всходы,,
英,цветок,,
苟,если,,
苑,пастбище,,
苞,тростник,,
范,образец,,
直,прямой,,
茁,как пышно разросся этот камыш!,,
茄,баклажан,,
茎,стебель,,
苔,мох,,
茅,тростник,,
枉,кривой,,
林,лес,,
枝,ветка,,
杯,чайная чашка,,
枢,шарнир дверной створки,,
柜,сундук,,
枚,штука,,
析,колоть,,
板,доска,,
松,взлохмаченный,,
枪,пика,,
枫,клён,,
构,постройка,,
杭,переправляться через реку,,
杰,герой,,
述,излагать,,
枕,подушка,,
丧,справлять траур,,
或,некто,,
画,проводить границу,,
卧,лежать,,
事,дело,,
刺,колоть,,
枣,зизифус настоящий,,
雨,дождь,,
卖,продавать,,
郁,густой,,
矾,квасцы,,
矿,минерал,,
码,цифры,,
厕,отхожее место,,
奈,как быть с,терпеть,
奔,бежать,,
奇,необыкновенный,,
奋,расправлять крылья,,
态,форма,,
欧,Европа,,
殴,хлестать,,
垄,насыпь,,
妻,жена,,
轰,бух!,,
顷,около 6,,
转,вращаться,,
斩,обезглавливать,,
轮,колесо,,
软,мягкий,,
到,доходить,,
非,отрицательная связка бытия,,
叔,дядя,,
歧,ответвление дороги,,
肯,соглашаться,,
齿,зуб,,
些,несколько,,
卓,высокий,,
虎,тигр,,
虏,брать в плен,пленный,
肾,почка,,
贤,достойный,,
尚,всё ещё,,
旺,яркий,,
具,инструмент,,
味,вкус,,
果,плод,,
昆,старший брат,,
国,страна,,
哎,боль,,
咕,бормотать,,
昌,цветущий,,
呵,кричать,,
畅,свободно ходить,,
明,светлый,,
易,изменять,,
咙,горло,,
昂,высоко стоять,,
迪,следовать,,
典,основополагающая книга,,
固,крепкий,,
忠,верность,,
呻,стонать,,
咒,мантра,,
咋,вм. 怎么,,
咐,приказывать,,
呼,выдыхать,,
鸣,щебетать,,
咏,петь,,
呢,модальная частица,же; ведь,
咄,цыц!,,
咖,кофе,,
岸,берег,,
岩,скала,,
帖,карточка,,
罗,силок,,
帜,знамя,,
帕,головная повязка,,
岭,хребет,,
凯,победная песнь,,
败,терпеть поражение,,
账,бухг. счёт,,
贩,перекупать,,
贬,уменьшать,,
购,покупать,,
贮,хранить,,
图,план,,
钓,ловить,,
制,режим,,
知,знать,,
迭,попеременно,,
氛,атмосферные явления,,
垂,свешиваться,,
牧,пасти,,
物,вещь,,
乖,послушный,,
刮,строгать,,
秆,соломенная метёлка,,
和,и,гармония; мир,несколько чтений и функций
季,сезон,,
委,посылать,,
秉,держать в руке,,
佳,прекрасный,,
侍,прислуживать,,
岳,гора,,
供,снабжать,,
使,использовать,,
例,пример,,
侠,рыцарь,,
侥,везение,,
版,клише,,
侄,племянник,,
侦,выслеживать,,
侣,товарищ,,
侧,бок,,
凭,полагаться на,,
侨,эмигрант,,
佩,стар. подвеска на парадном поясе,,
货,товар,,
侈,расточительный,,
依,прислоняться,,
卑,низкий,,
的,определительная частица,принадлежность,служебный знак; значение зависит от конструкции
迫,теснить,,
质,природные свойства,,
欣,радоваться,,
征,собирать,,
往,уходить,,
爬,ползать,,
彼,в противопоставлении 此,,
径,тропинка,,
所,местность,,
舍,хижина,,
金,золото,,
刹,будд. поле,,
命,приказ,,
肴,прекрасное вино и великолепная закуска,,
斧,топор,,
爸,отец,,
采,брать,,
觅,искать,,
受,принимать,,
乳,груди,,
贪,страстно желать,,
念,думать,,
贫,бедный,,
忿,сердиться,,
肤,кожа,,
肺,лёгкое,,
肢,четыре конечности,,
肿,опухоль,,
胀,вздуться,,
朋,друг,,
股,нога,,
肮,грязный,,
肪,жир,,
肥,толстый,,
服,платье,,
胁,бок,,
周,круг,,
昏,вечер,,
鱼,рыба,,
兔,заяц,,
狐,лиса,,
忽,неожиданный,,
狗,собака,,
狞,мерзкий бес,,
备,готовить,,
饰,украшать,,
饱,сытый,,
饲,выкармливать,,
变,изменяться,,
京,столица,,
享,пользоваться,,
庞,большой,,
店,магазин,,
夜,убокая ночь,,
庙,храм,,
府,дворец,,
底,дно,,
疟,малярия,,
疙,образование,,
疚,хроническая болезнь,,
剂,средство,,
卒,солдат,,
郊,пригород,,
庚,гэн,,
废,захиреть,,
净,очищать,,
盲,слепой,,
放,отпускать,,
刻,вырезать,,
育,вскармливать,,
氓,народ,,
闸,шлюз,,
闹,шуметь,,
郑,Чжэнчжоу,,
券,билет,,
卷,свёрток,том; экзаменационный лист,
单,нечетный,,
炬,факел,,
炒,калить,,
炊,стряпать,,
炕,кан,,
炎,языки огня,,
炉,печь,,
沫,пена,,
浅,мелкий,,
法,закон,,
泄,протекать,,
沽,торговать,,
河,река,,
沾,намочить,,
泪,слеза,,
沮,размокать,,
油,масло,,
泊,останавливаться,,
沿,вдоль,следовать,
泡,пузыри,,
注,течь,,
泣,беззвучно плакать,,
泞,жидкая грязь,,
泻,лить,,
泌,бить ключом,,
泳,плавать,,
泥,грязь,,
沸,кипеть,,
沼,болото,,
波,волна,,
泼,лить,,
泽,болотистая низина,,
治,держать в порядке,,
怔,испугаться,,
怯,бояться,,
怖,бояться,,
性,природа,,
怕,бояться,,
怜,сочувствовать,,
怪,странный,,
怡,радоваться,,
学,учиться,,
宝,драгоценность,,
宗,род,,
定,приходить в порядок,,
宠,любить,,
宜,быть должным,,
审,вникать,,
宙,балки,,
官,чиновник,,
空,пустой,небо; воздух,
帘,вывеска,,
宛,склоняться,,
实,полный,,
试,пробовать,,
郎,мужчина,,
诗,стихи,,
肩,плечо,,
房,дом,,
诚,искренний,,
衬,подкладывать,,
衫,синий халат,,
视,смотреть,,
祈,молиться,,
话,слова,,
诞,родиться,,
诡,хитрый,,
询,советоваться,,
该,агол,,
详,подробный,,
建,строить,,
肃,почтительный,,
录,делать записи,,
隶,принадлежать,,
帚,веник,,
屉,парильня,,
居,жить,,
届,подходить,,
刷,щётка,,
屈,сгибаться,,
弧,дуга,,
弥,наполнять,,
弦,тетива,,
承,собирать,,
孟,начальный,,
陋,низкий,,
陌,поперечная межа,,
孤,сирота,,
陕,сокр. провинция Шэньси 陕西,,
降,снижаться,сдаваться,
函,ящик,,
限,граница,,
妹,младшая сестра,,
姑,тётка,,
姐,старшая сестра,,
姓,фамилия,,
妮,девочка,,
始,начало,,
姆,воспитательница,,
迢,далёкий,,
驾,запрягать,,
叁,три,,
参,принимать участие,,
艰,трудность,,
线,нитка,,
练,вываривать и отбеливать,,
组,группа,,
绅,джентри,,
细,тонкий,,
驶,мчаться,,
织,ткать льняное полотно,,
驹,молодая лошадь,,
终,конец,,
驻,останавливаться,,
绊,аркан,,
驼,верблюд,,
绍,наследовать,,
绎,конец нити,,
经,основа,,
贯,гуань,,
契,контракт,,
贰,два,,
奏,играть,,
春,весна,,
帮,помогать,,
玷,изъян самоцвета,,
珍,жемчужина,,
玲,звон,,
珊,коралл,,
玻,стекло,,
毒,яд,,
型,шаблон,,
拭,вытирать слёзы,,
挂,висеть,,
封,жаловать землёй,,
持,держаться,,
拷,бить,,
拱,складывать руки в знак приветствия,,
项,шея,,
垮,разваливаться,,
挎,вешать на руку,,
城,крепостная стена,,
挟,иметь при себе,,
挠,чесать,,
政,управление,,
赴,поехать в,,
赵,Чжао,,
挡,преграждать,,
拽,тащить,,
哉,восклицательная частица,вопросительная частица,
挺,вытягиваться,,
括,забирать,,
垢,грязь,,
拴,привязывать,,
拾,подобрать,,
挑,нести на коромысле,,
垛,куча,,
指,палец,,
垫,подкладывать,,
挣,напрягать,,
挤,толпиться,,
拼,составлять,,
挖,копать,,
按,давить,,
挥,махать,,
挪,перемещать,,
拯,помогать,,
某,некто,,
甚,в функции сказуемого сильнее чем,,
荆,терновник,,
茸,метёлка,,
革,кожа,,
茬,стерня,,
荐,рекомендовать,,
巷,переулок,,
带,пояс,,
草,трава,,
茧,кокон,,
茵,подстилка,,
茶,чай китайский,,
荒,заросший сорняками,,
茫,безбрежный,,
荡,колыхаться,,
荣,полевой цветок,,
荤,мясной,,
荧,сияние,,
故,причина,,
胡,борода,,
荫,сень,,
荔,касатик,,
南,юг,,
药,лекарство,,
标,вершина дерева,,
栈,склад,,
柑,мандарин благородный,,
枯,высохший на корню,,
柄,рукоятка,,
栋,строит. прогон,,
相,взаимно,внешность; облик,
查,обследовать,,
柏,кипарис плакучий,,
栅,изгородь,,
柳,ива плакучая,,
柱,столб,,
柿,помидор,,
栏,перила,,
柠,лимон,,
树,дерево,,
勃,неожиданный,,
要,хотеть,требовать,
柬,карточка,,
咸,солёный,,
威,престиж,,
歪,кривой,,
研,тереть,,
砖,кирпич,,
厘,капелька,,
厚,толстый,,
砌,ступени,,
砂,песок,,
泵,помпа,,
砚,каменная тушечница,,
砍,рубить,,
面,лицо,,
耐,осить,,
耍,играть,,
牵,тянуть,,
鸥,чайка,,
残,испорченный,,
殃,беда,,
轴,ось,,
轻,лёгкий,,
鸦,ворона,,
皆,обобщающее слово,,
韭,душистый лук,,
背,спина,нести на спине,
战,война,,
点,капля,,
虐,жестокий,,
临,приближаться,находиться перед,
览,смотреть,,
竖,вертикальный,,
省,провинция,экономить; сокращать,
削,срезать,,
尝,отведывать,,
昧,тёмный,,
盹,вздремнуть,,
是,быть,это,
盼,надеяться,,
眨,в мгновение ока,,
哇,звукоподражание бойкой речи,,
哄,подражание крику,,
哑,немой,,
显,ясный,,
冒,выступать,,
映,сиять,,
星,звезда,,
昨,вчерашний день,,
咧,кривить,,
昭,светлый,,
畏,бояться,,
趴,лежать ничком,,
胃,желудок,,
贵,дорогой,,
界,граница,,
虹,радуга,,
虾,рак,,
蚁,муравей,,
思,думать,,
蚂,только в соч. 蚂蚁,,
虽,уступительный и условно-уступительный союз,,
品,вещь,,
咽,отка,,
骂,выбранил его,,
勋,заслуга,,
哗,трах!,,
咱,я,,
响,эхо,,
哈,звукоподражание смеху,,
哆,"нота ""до""",,
咬,кусать,,
咳,кхэ!,,
咪,звукоподражание мяуканью,,
哪,какой?,,
哟,модальная частица на конце предложения,,
炭,уголь,,
峡,узкое место,,
罚,штрафовать,,
贱,дешёвый,,
贴,приклеить,,
贻,дарить,,
骨,кость,,
幽,тёмный,,
钙,кальций,,
钝,тупой,,
钞,бумажные деньги,,
钟,колокол,,
钢,сталь,,
钠,натриевое облако,,
钥,замок,,
钦,уважать,,
钧,цзюнь,,
钩,крюк,,
钮,ручка,,
卸,выгружать,,
缸,чан,цилиндр,
拜,кланяться,,
看,смотреть,,
矩,угольник,,
毡,войлок,,
氢,ион водорода,,
怎,как,,
牲,животное,,
选,выбирать,,
适,годиться,,
秒,секунда,,
香,приятный запах,,
种,вид,сажать,
秋,осень,,
科,раздел,,
重,тяжёлый,снова,полифония zhòng / chóng
复,возвращаться,,
竿,удилище,,
段,отрезок,,
便,удобный,тогда; сразу,
俩,два,,
贷,давать взаймы,,
顺,послушный,,
修,чинить,,
俏,красивый,,
保,защищать,,
促,понуждать,,
俄,неожиданный,,
俐,смышлёный,,
侮,обижать,,
俭,экономный,,
俗,нравы,,
俘,полонить,,
信,верить,,
皇,император,,
泉,родник,,
鬼,дух,,
侵,захватывать,,
禹,Юйсянь,,
侯,хоу,,
追,преследовать,догонять,
俊,лучший,,
盾,щит,,
待,ждать,,
徊,колебаться,,
衍,растекаться,,
律,закон,,
很,очень хорошо,,
须,усы,,
叙,излагать,,
剑,меч,,
逃,бежать,,
食,пища,,
盆,таз,,
胚,биол. зародыш,,
胧,туманный,,
胆,жёлчный пузырь,,
胜,худой,,
胞,детское место,,
胖,толстый,,
脉,артерия,,
胎,зародыш,,
勉,агать усилия,,
狭,узкий,,
狮,львы и слоны,,
独,один только,,
狰,мифический зверь,,
狡,хитрый,,
狱,тюрьма,,
狠,свирепый,,
贸,на базары утром ехать торговать,,
怨,обижаться,,
急,быстрый,,
饵,приманка,,
饶,богатый,,
蚀,затмение,,
饺,только в сочетании,,
饼,лепёшка,,
峦,невысокий пик,,
弯,гнуться,,
将,полководец,,
奖,премировать,,
哀,скорбеть,,
亭,беседка,,
亮,светлый,,
度,градус,,
迹,след,,
庭,внутренний двор,,
疮,нарыв,,
疯,сумасшествие,,
疫,эпизоотия,,
疤,шрам,,
咨,отношение,,
姿,вид,,
亲,родители,,
音,звук,,
帝,император,,
施,применять,,
闺,женская половина дома,,
闻,слышать,,
闽,провинция Фуцзянь,,
阀,клапан,знать; клан,
阁,дворец,,
差,разница,плохой; недостаточный,
养,кормить,,
美,красивый,,
姜,имбирь,,
叛,бунтовать,,
送,посылать,,
类,вид,,
迷,заблуждаться,,
籽,семя,,
娄,полый,,
前,перёд,,
首,голова,,
逆,обратный,,
兹,указательное местоимение,,
总,собираться вместе,,
炼,отливать,,
炸,разрываться,,
烁,яркий,,
炮,подсушивать,,
炫,сиять,,
烂,развариваться,,
剃,брить брови,,
洼,впадина,,
洁,чистый,,
洪,большой,,
洒,поливать,,
柒,семь,,
浇,поливать,,
浊,мутный,,
洞,пещера,,
测,измерять,,
洗,мыть,,
活,живой,,
派,/счётное слово,,
洽,намачивать,,
染,окрашиваться,,
洛,река Ло,,
浏,прозрачный,,
济,помогать,,
洋,океан,,
洲,часть света,,
浑,мутный,,
浓,густой,,
津,переправа,,
恃,доверяться,,
恒,долгий,,
恢,широкий,,
恍,неясный,,
恬,спокойный,,
恤,жалеть,,
恰,такой,,
恼,сердиться,,
恨,ненавидеть,,
举,поднимать,,
觉,чувствовать,спать,
宣,объявлять,,
宦,евнух,,
室,комната,,
宫,дворец,,
宪,правило,,
突,неожиданно,,
穿,надевать,,
窃,заниматься кражами,,
客,гость,,
诫,предостерегать,,
冠,шапка,,
诬,клевета,,
语,слова,,
扁,плоский,,
袄,красная куртка и зелёные штаны,,
祖,предок,,
神,дух,,
祝,поздравлять,,
祠,храм,,
误,опаздывать,,
诱,соблазнять,,
诲,учить,,
说,говорить,,
诵,читать,,
垦,вспахивать,,
退,отступать,,
既,уже,,
屋,комната,,
昼,день,,
屏,экран,,
屎,испражнения,,
费,расходы,,
陡,крутой,,
逊,уходить,,
眉,брови,,
孩,ребёнок,,
陨,падать,,
除,ог в конструкциях исключения,,
险,крутой,,
院,двор,,
娃,красивая девочка,,
姥,кормилица,,
姨,свояченица,,
姻,брак,,
娇,/наречие,,
姚,прелестный,,
娜,изящная,в женских именах,
怒,гнев,,
架,полка,,
贺,поздравлять,,
盈,полный,,
勇,храбрый,,
怠,лениться,,
癸,гуй,,
蚤,ногти,,
柔,мягкий,,
垒,вал,,
绑,связывать,,
绒,мягкая шерсть,,
结,вязать,,
绕,обвязывать,,
骄,гордый,,
绘,рисовать,,
给,давать,,
绚,украшать узорами,,
骆,белая лошадь с черной гривой,,
络,грубое волокно,,
绝,обрываться,,
绞,вить,,
骇,пугаться,,
统,объединять,,
耕,пахать,,
耘,полоть,,
耗,уменьшаться,,
耙,с.-х. борона,,
艳,полный красоты,,
泰,великий,,
秦,Цинь,,
珠,жемчуг,,
班,группа,,
素,некрашеный чистый белый шёлк,,
匿,скрываться,,
蚕,гусеница тутового шелкопряда,,
顽,тупой,,
盏,чашка,,
匪,бандит,,
捞,извлекать,,
栽,сажать,,
捕,ловить,,
埂,плотина,,
捂,заткни уши,,
振,колыхать,,
载,грузиться,,
赶,следовать за,,
起,подниматься,,
盐,поваренная соль,,
捎,задеть,,
捍,защищать,,
捏,брать в щепоть,,
埋,закапывать,,
捉,хватать,,
捆,связывать,,
捐,отбрасывать,,
损,уменьшаться,,
袁,Юаньцзян,,
捌,восемь,,
都,все,столица,полифония dōu / dū
哲,мудрый,,
逝,уходить,,
捡,подбирать,,
挫,ломать,,
换,менять,,
挽,тянуть,,
挚,искренний,,
热,жаркий,,
恐,бояться,,
捣,толочь,,
壶,чайник,,
捅,ударять,,
埃,пыль,,
挨,подвергаться,,
耻,стыд,,
耿,светлый,,
耽,большой,,
聂,шептать,,
恭,уважать,,
莽,густые травы,,
莱,поле под паром,,
莲,лотос,,
莫,не,никто,
莉,только в сочетании,,
荷,лотос,,
获,получать,,
晋,провинция Шаньси,,
恶,зло,,
莹,самоцвет,,
莺,иволга,,
真,истинный,,
框,рама,,
梆,колотушка,,
桂,коричное дерево коричного дерева,,
桔,журавль,,
栖,сидеть,,
档,архив,,
桐,тунг,,
株,комель,,
桥,мост,,
桦,берёза,,
栓,деревянная затычка,,
桃,персик,,
格,рама,,
桩,столб,,
校,сопоставлять,,
核,косточка плода,,
样,образец,,
根,корень растения,,
索,жгут,,
哥,старший брат,,
速,скорый,,
逗,задерживаться,,
栗,каштан Бунге,,
贾,торговать,,
酌,наливать,,
配,составлять пару,,
翅,крыло,,
辱,позор,,
唇,губа,,
夏,лето,,
砸,раздавливать,,
砰,грохот,,
砾,песок и гравий,,
础,фундамент,,
破,рваться,,
原,ключ,,
套,комплект,,
逐,гнать,,
烈,пылающий,,
殊,в высшей степени,,
殉,жертвовать,,
顾,оглядываться,заботиться; учитывать,
轿,разукрашенный] паланкин невесты,,
较,сравнивать,,
顿,останавливаться,,
毙,падать мёртвым,,
致,направлять,,
柴,дрова,,
桌,стол,,
虑,думать,,
监,смотреть сверху на,,
紧,сильный,,
党,партия,,
逞,важничать,,
晒,сушить на солнце,,
眠,спать,,
晓,рассвет,,
哮,реветь,,
唠,говорить,,
鸭,утка,,
晃,сиять,,
哺,кормиться,,
晌,полдень,,
剔,ковыряться в,,
晕,ореол,,
蚌,жемчужная устрица,,
畔,межа,,
蚣,сороконожка,,
蚊,комар,,
蚪,только в сочетании,,
蚓,дождевые черви и лягушки,,
哨,дозор,,
哩,миля,модальная частица,
圃,огород,,
哭,рыдать,,
哦,читать нараспев,,
恩,милость,,
鸯,мандаринская утка,,
唤,звать,,
唁,соболезновать,,
哼,стонать,,
唧,нагнетать,,
啊,ах,а?; ну?,
唉,выражает досаду или сожаление,,
唆,подстрекать,,
罢,останавливаться,,
峭,отвесный,,
峨,высокий,,
峰,горный пик,,
圆,круглый,,
峻,высокий,,
贼,вор,,
贿,взятка,,
赂,подарок,,
赃,взятка,,
钱,деньги,,
钳,щипцы,,
钻,сверло,,
钾,калий,,
铁,железо,,
铃,колокольчик,,
铅,свинец,,
缺,недоставать,,
氧,оксигемоглобин,,
氨,аминоспирт,,
特,специальный,,
牺,жертва,жертвенное животное,
造,строить,,
乘,ехать,умножать,
敌,враг,,
秤,весы,,
租,налог,,
积,накапливать,,
秧,рисовая рассада,,
秩,порядок,,
称,взвешивать,,
秘,тайный,,
透,проникать,,
笔,кисть,,
笑,смеяться,,
笋,побег бамбука,,
债,долг,,
借,брать взаймы,,
值,стоить,,
倚,опираться,,
俺,мой,,
倾,наклоняться,,
倒,падать,переворачивать,
倘,если,,
俱,все,,
倡,выдвигать,,
候,ждать,,
赁,сдавать,,
俯,опустить голову,,
倍,удваиваться,,
倦,усталый,уставать,
健,здоровый,,
臭,вонючий,,
射,стрелять из лука,,
躬,тело,,
息,дышать,,
倔,этот человек слишком упрям,,
徒,идти пешком,,
徐,медленно,,
殷,большой,,
舰,корабль,,
舱,отсек,,
般,сорт,,
航,плоскодонное судно,,
途,путь,,
拿,брать,,
耸,поощрять,,
爹,отец,,
舀,вычерпывать,,
爱,любить,,
豺,красный волк,,
豹,леопард,,
颁,публиковать,,
颂,восхвалять,,
翁,старик,,
胰,мыло,,
脆,хрупкий,,
脂,смазывать жиром,,
胸,грудь,,
胳,рука,,
脏,грязный,,
脐,биол. пупок,,
胶,клей,,
脑,мозг,,
脓,гной,,
逛,гулять,,
狸,енотовидная собака,,
狼,волк,,
卿,сановник,,
逢,встретиться с,,
鸵,страус,,
留,оставаться,,
鸳,мандаринская утка,,
皱,морщина,,
饿,голод,,
馁,голодать,,
凌,льдинка,,
凄,холодный,,
恋,любить,,
桨,весло,,
浆,густая жидкость,,
衰,дряхлеть,,
衷,середина,,
高,высокий,,
郭,внешняя стена,,
席,циновка,,
准,уровень,,
座,сиденье,,
症,заболевание,,
病,болезнь,,
疾,болезнь,,
斋,пост,,
疹,сыпь,,
疼,болезненный,,
疲,утомляться,,
脊,позвоночник,,
效,стараться,,
离,разлучаться,,
紊,упорядоченный,,
唐,Танская династия,,
瓷,фарфор,,
资,средства,,
凉,прохладный,,
站,стоять на ногах,,
剖,взрезать,,
竞,бороться,,
部,часть,,
旁,сторона,,
旅,бригада,,
畜,домашнее животное,,
阅,читать,,
羞,стыдиться,,
羔,ягнёнок,,
瓶,бутылка,,
拳,кулак,,
粉,порошок,,
料,сырьё,,
益,польза,,
兼,объединять,,
烤,греть,,
烘,греть,,
烦,надоедать,,
烧,гореть,,
烛,свеча,,
烟,дым,,
烙,адить,,
递,передавать,,
涛,грохот волн,,
浙,провинция Чжэцзян,,
涝,большая волна,,
浦,берег,,
酒,спиртное,,
涉,переходить вброд,,
消,растворяться,,
涡,водоворот,,
浩,безбрежный,,
海,море,,
涂,ина,,
浴,купаться,,
浮,плавать,,
涣,/наречие,,
涤,мыть,,
流,течь,,
润,увлажняться,,
涧,ручей,,
涕,слёзы,,
浪,волна,,
浸,вымачивать,,
涨,повышаться,,
烫,обжигать,,
涩,шероховатый,,
涌,клокотать,,
悖,нарушать,,
悟,постигнуть,,
悄,безмолвный,,
悍,дерзкий,,
悔,раскаиваться,,
悯,печалиться,,
悦,радоваться,,
害,вред,,
宽,широкий,,
家,семья,,
宵,ночь,,
宴,пир,,
宾,гость,,
窍,отверстие,,
窄,узкий,,
容,вмещать в себя,,
宰,канцлер,,
案,узкий длинный стол,,
请,просить,,
朗,ясный,,
诸,все,,
诺,да!,,
读,читать,,
扇,веер,,
诽,клеветать,,
袜,чулки,,
袖,рукав,,
袍,халат,,
被,показатель пассива,одеяло,лексическое и грамматическое употребление
祥,знамение,,
课,урок,,
冥,мрак,,
谁,вопросительное и относительное местоимение,,
调,регулировать,мелодия; тон,
冤,обиженный напрасно,,
谅,полагать,,
谆,настойчивый,,
谈,беседовать,,
谊,дружба,,
剥,сдирать кожу,,
恳,просить,,
展,развёртываться,,
剧,острый,,
屑,крошка,,
弱,слабый,,
陵,холм,,
祟,нечистая сила,,
陶,керамика,,
陷,проваливаться,,
陪,быть,,
娱,радоваться,,
娟,прелестная наружность,,
恕,извинять,,
娥,прекрасный,,
娘,девушка,,
通,проходить,,
能,мочь,,
难,трудный,бедствие,
预,заранее,,
桑,шелковица белая,,
绢,рисовать на шёлке,,
绣,вышивать,,
验,осматривать,,
继,продолжаться,,
骏,быстроногий конь,,
球,шар,,
琐,маленький,,
理,упорядочивать,,
琉,блестящий камень,,
琅,белый нефрит,,
捧,принимать в обе руки,,
堵,стена,,
措,класть,,
描,рисовать,,
域,граница,,
捺,поставить отпечаток пальца вместо печати,,
掩,прикрывать рукой,,
捷,военная победа,,
排,ставить в ряд,,
焉,служебное местоимение книжного языка,,
掉,падать,,
捶,бить бельё,,
赦,амнистировать,,
堆,куча,,
推,толкать,,
埠,пристань,,
掀,снимать,,
授,давать,,
捻,катать,,
教,учить,религия,
掏,вынимать,,
掐,хватать,,
掠,хватать,,
掂,прикинуть вес,,
培,обкладывать землёй,,
接,получать,,
掷,бросать,,
控,натягивать,,
探,искать,,
据,опираться на,,
掘,рыть,,
掺,смешивать,,
职,должность,,
基,фундамент,,
聆,слушать,,
勘,сверять,,
聊,болтать,,
娶,он ещё не женат,,
著,очевидный,,
菱,рогульник,,
勒,сдерживать,,
黄,жёлтый,,
菲,ароматный,,
萌,почка,,
萝,обвитое плющом окно,,
菌,грибок,,
萎,засыхать,,
菜,овощи,,
萄,виноград,,
菊,хризантема,,
菩,употребляется главным образом в 菩萨 «бодхисаттва»,,
萍,ряска,,
菠,шпинат,,
萤,светлячок,,
营,заниматься,,
乾,Цянь,сухой,
萧,полынь,,
萨,бодхисаттва,,
菇,гриб,,
械,орудие труда,,
彬,воспитанный,,
梦,сон,,
婪,алчный,,
梗,стебель,,
梧,только в соч,,
梢,вершина,,
梅,дикая слива,,
检,проверять,,
梳,расческа,,
梯,лестница,,
桶,ведро,,
梭,челнок,,
救,спасать,,
曹,компания,,
副,заместитель,,
票,билет,,
酝,бродить,,
酗,буйствовать в пьяном виде,,
厢,флигель,,
戚,боевой топор,,
硅,кремнистый малахит,,
硕,не бывает человека,,
奢,расточительный,,
盔,шлем,,
爽,приятный,,
聋,ухой,,
袭,нападать из-за угла,,
盛,полный,,
匾,горизонтальная доска с надписью,,
雪,снег,,
辅,помогать,,
辆,одна повозка,,
颅,череп,,
虚,пустой,,
彪,мелкий тигр,,
雀,воробей,,
堂,зал,,
常,постоянный,,
眶,глазница,,
匙,ложка,,
晨,утро,,
睁,аза не открываются,,
眯,щуриться,,
眼,око,,
悬,висеть,,
野,провинция,,
啪,хлоп! - и,,
啦,подчёркивающая,,
曼,широкий,,
晦,последний день лунного месяца,,
晚,вечер,,
啄,клевать,,
啡,кофе,,
距,отстоять от,,
趾,пальцы,,
啃,грызть,,
跃,прыгать,,
略,план,,
蚯,дождевой червь,,
蛀,ый червь,,
蛇,змея,,
唬,не запугивай меня,,
累,уставший,накапливать,
鄂,Э,,
唱,петь,,
患,болеть,,
啰,звук пения без слов,,
唾,плевать,,
唯,только,,
啤,пиво,,
啥,в чём дело?,,
啸,свистеть,,
崖,скала,,
崎,извилистый берег,,
崭,высокий,,
逻,обходить дозором,,
崔,высокий,,
帷,полог,,
崩,обрушиться,,
崇,высокий,,
崛,высокий,,
婴,младенец,,
圈,кольцо,,
铐,наручники,,
铛,сковорода,,
铝,ион алюминия,,
铜,медный,,
铭,вырезывать,,
铲,заступ,,
银,серебро,,
矫,выпрямлять,,
甜,сладкий,,
秸,солома,,
梨,груша,,
犁,плуг,,
秽,сорная трава,,
移,переселяться,,
笨,тупой,,
笼,клетка,,
笛,флейта,,
笙,губной органчик,,
符,верительная бирка,,
第,порядковый показатель,номер,
敏,проворный,,
做,сделать,,
袋,холщовый мешок,,
悠,опечаленный,,
偿,возвращать,,
偶,статуя,,
偎,прижиматься,,
偷,обворовать,,
您,После Вас!,,
售,продавать,,
停,останавливаться,,
偏,однобокий,,
躯,бренная оболочка и жизнь человека,,
兜,каска,,
假,ложный,,
衅,мазать жертвенной кровью сосуды,,
徘,только в сочетании,,
徙,переселяться,,
得,получать,нужно,полифония dé / děi / de
衔,удила,,
盘,плошка,,
舶,морская джонка,,
船,лодка,,
舵,тебе нужно твёрдо держать руль,,
斜,косой,,
盒,одна] коробочка мази,,
鸽,голубь мира,,
敛,собирать,,
悉,офиц. знать,,
欲,желать,,
彩,цвет,,
领,шея,,
脚,нога,,
脖,шея,,
脯,сушеное мясо,,
豚,поросёнок,,
脸,лицо,,
脱,сбрасывать кожу,,
象,слон,,
够,хватать,,
逸,бежать,,
猜,гадать,,
猪,свинья,,
猎,охотиться,,
猫,кот,,
凰,птицы] фениксы,,
猖,в бешенстве неистовствовать,,
猛,свирепый,,
祭,молиться,,
馅,видна начинка,,
馆,подворье,,
凑,собираться,,
减,уменьшать,,
毫,волосок,,
烹,варить,,
庶,многочисленный,,
麻,конопля,,
庵,соломенная хижина,,
痊,проходить,,
痒,желание чесаться,,
痕,шрам,,
廊,галерея,,
康,мир,,
庸,простой,,
鹿,олень,,
盗,грабитель,,
章,ава,,
竟,оканчиваться,,
商,обсуждать,,
族,род,,
旋,крутиться,,
望,смотреть издали,,
率,норма,вести; возглавлять,
阎,деревенские ворота,,
阐,открывать,,
着,носить,показатель длительности,полифония zháo / zhe / zhuó
羚,антилопа,,
盖,накрывать,,
眷,семья,,
粘,клеить,,
粗,грубый,,
粒,зерно,,
断,разрубать,,
剪,резать,,
兽,не войдя в звериное логово,,
焊,запаять дно у чайника,,
焕,сиять,,
清,чистый,,
添,добавить,,
鸿,гуменник,,
淋,намокать,,
涯,берег,,
淹,мокнуть,,
渠,водоотводная канава,,
渐,постепенно,,
淑,чистый,,
淌,течь,,
混,смешиваться,,
淮,р. Хуайхэ,,
淆,загрязняться,,
渊,пучина,,
淫,развратный,,
渔,ловить рыбу,,
淘,промывать,,
淳,без примеси,,
液,сок,,
淤,отложения,,
淡,слабый,,
淀,осадок,,
深,убокий,,
涮,полоскать,,
涵,содержать в себе,,
婆,старуха,,
梁,мост,,
渗,просачиваться,,
情,чувство,,
惜,жалеть,,
惭,устыдиться,,
悼,печалиться,,
惧,бояться,,
惕,держаться осмотрительно,,
惟,думать,,
惊,испугаться,,
惦,беспокоиться,,
悴,убиваться,,
惋,без конца досадовать и вздыхать,,
惨,жестокий,,
惯,привыкать,,
寇,грабить,,
寅,инь,,
寄,жить,,
寂,тихий,,
宿,останавливаться на ночлег,,
窒,заваливать,,
窑,гончарная печь,,
密,тайный,,
谋,строить планы,,
谍,разведывать,,
谎,ложь,,
谐,гармонировать,,
袱,узелок,,
祷,молиться о,,
祸,беда,,
谓,говорить,,
谚,пословица,,
谜,загадка,,
逮,хватать,,
敢,сметь,,
尉,воинское звание,офицер,
屠,убивать,,
弹,пуля,,
隋,Суй,,
堕,падать,,
随,следовать за,,
蛋,яйцо,,
隅,угол,,
隆,высокий,,
隐,прятаться,,
婚,брак,,
婶,тётка,,
婉,приветливый,,
颇,очень,,
颈,горло,,
绩,заслуга,,
绪,конец нити,,
续,продолжаться,,
骑,ехать верхом,,
绰,обильный,,
绳,верёвка,,
维,вязать,,
绵,шелковая вата,,
绷,стягивать,,
绸,шёлковая материя,,
综,сплетаться,,
绽,распороться,,
绿,зелёный,,
缀,шить,,
巢,гнездо,,
琴,цинь,,
琳,превосходные сорта яшмы,,
琢,гранить,,
琼,красная яшма,,
斑,крапинка,,
替,отменять,,
揍,бить,,
款,сумма,,
堪,мочь,,
塔,пагода,,
搭,строить,,
堰,дамба,,
揩,вытирать,,
越,переходить,,
趁,воспользоваться,,
趋,быстро идти,,
超,перешагнуть через,,
揽,брать в руки,,
堤,дамба,,
提,поднимать,,
博,широкий,,
揭,поднимать,,
喜,радостный,,
彭,Пэн,,
揣,ощупывать,,
插,вставлять,,
揪,хватать,,
搜,искать,,
煮,варить,,
援,тянуть,,
搀,поднимать,,
裁,кроить,,
搁,класть,,
搓,тереть,,
搂,собирать,,
搅,мешать,,
壹,один,,
握,держать,,
搔,чесать,,
揉,тереть,,
斯,этот,,
期,время,,
欺,обманывать,,
联,соединяться,,
葫,лук причесночный,,
散,расходиться,,
惹,вызывать,,
葬,хоронить,,
募,вербовать,,
葛,пуэрария,Гэ (фамилия),
董,надзирать,,
葡,сокр. 葡萄牙,,
敬,почитать,,
葱,дудчатый лук,,
蒋,водяной рис,,
蒂,плодоножка,,
落,опадать,,
韩,царство Хань,,
朝,в сторону,династия; двор,
辜,вина,,
葵,подсолнечник,,
棒,палка,,
棱,грань,,
棋,шахматы,,
椰,кокосовая пальма,,
植,сажать,,
森,лес,,
焚,сжигать,,
椅,стул,,
椒,перечное дерево,,
棵,одна] травинка,,
棍,палка,,
椎,молот,,
棉,хлопчатник,,
棚,навес,,
棕,пальма,,
棺,гроб,,
榔,ало,,
椭,продолговатый,,
惠,доброта,,
惑,сомневаться,,
逼,вынуждать,,
粟,просо итальянское,,
棘,жужуб,,
酣,пьяный,,
酥,масло,,
厨,кухня,,
厦,здание,,
硬,твёрдый,,
硝,селитра,,
确,точный,,
硫,сера,,
雁,гусь белолобый,,
殖,родиться,,
裂,разорваться,,
雄,петух,,
颊,обе щеки залиты румянцем,,
雳,гром,,
暂,пока,,
雅,изысканный,,
翘,торчать,,
辈,поколение,,
悲,скорбеть,,
紫,фиолетовый,,
凿,долото,,
辉,очать свет,,
敞,широкий,,
棠,груша,,
赏,жаловать,,
掌,ладонь,,
晴,солнечный,,
睐,раскосый,,
暑,жара,,
最,очень,,
晰,ясный,,
量,мера,,
鼎,жертвоприношений,,
喷,извергать,,
喳,согласия,,
晶,горный хрусталь,,
喇,в звукоподр,,
遇,встречаться,,
喊,громко кричать,,
遏,останавливать,,
晾,сушить,,
景,свет,,
畴,поле,,
践,топтать,осуществлять; выполнять,
跋,наступать,,
跌,оступаться,,
跑,бегать,,
跛,прихрамывать,,
遗,терять,,
蛙,лягушка,,
蛛,паук,,
蜓,стрекоза,,
蜒,извиваться,,
蛤,мактра,,
喝,пить,,
鹃,кукушка,,
喂,кормить,,
喘,и тяжело дышать,,
喉,горло,,
喻,понимать,,
啼,плакать,,
喧,громко разговаривать,,
嵌,заполнять,,
幅,полотнище,,
帽,головной убор,,
赋,поземельный налог,,
赌,играть в азартные игры,,
赎,выкупать,,
赐,жаловать,,
赔,возмещать,,
黑,чёрный,,
铸,отливать,,
铺,расставлять,,
链,цепь,,
销,плавиться,,
锁,замок,,
锄,мотыга,,
锅,котёл,,
锈,налёт на металле,,
锋,остриё,,
锌,цинковые сплавы,,
锐,острый,,
甥,племянник,,
掰,разрывать,,
短,короткий,,
智,мудрость,,
氮,азотные удобрения,,
毯,ковёр,,
氯,гидрат хлора,,
鹅,гусь,,
剩,остаток,,
稍,немного,,
程,мера,,
稀,редкий,,
税,налог,,
筐,корзина,,
等,ранг,,
筑,строить,,
策,книга,,
筛,сито,,
筒,трубка,,
筏,плот,,
答,отвечать,,
筋,мускул,,
筝,гетера,,
傲,заносчивый,,
傅,учить,,
牌,номерная дощечка,,
堡,крепость,,
集,собирать,,
焦,гореть,,
傍,опираться,,
储,скапливаться,,
皓,светлый,,
皖,ясный,,
粤,Гуандун,,
奥,юго-западный угол,,
街,улица,,
惩,наказывать,,
御,править,,
循,слушаться,,
艇,подводная лодка,,
舒,удобный,,
逾,переходить через,,
番,раз,,
释,развязывать,,
禽,птицы,,
腊,двенадцатый лунный месяц,вяленое мясо,
脾,анат. селезёнка,,
腋,подмышки,,
腔,полость,,
腕,анат. запястье,,
鲁,тупой,,
猩,багрово-красный,,
猬,ёж,,
猾,хитрый,,
猴,мартышка,,
惫,усталый,,
然,согласие,,
馈,дарить,,
馋,жадный,,
装,надевать,,
蛮,* мань,,
就,продвигаться к,,
敦,добрый,,
斌,гармоничный,,
痘,прививать оспу,,
痢,кровавый понос,,
痪,паралич,,
痛,болеть,,
童,подросток,,
竣,кончать,,
阔,широкий,,
善,хороший,,
翔,летать,,
羡,жаждать,,
普,повсеместный,,
粪,кал,,
尊,уважаемый,,
奠,преподносить,,
道,путь,,
遂,продвигаться,,
曾,уже некогда,,
焰,пламя,,
港,порт,,
滞,останавливаться,,
湖,озеро,,
湘,река Сянцзян,,
渣,выжимки,,
渤,огромный,,
渺,необъятный,,
湿,промачивать,,
温,тёплый,,
渴,жаждать,,
溃,прорываться,,
溅,брызгать,,
滑,скользкий,,
湃,бурлить,,
渝,изменяться,,
湾,залив,,
渡,переправляться,,
游,плавать,,
滋,прибывать,,
渲,капать,,
溉,ирригация,,
愤,гневаться,,
慌,терять самообладание,,
惰,трудолюбивый или ленивый,,
愕,в испуге оглянуться,,
愣,остолбенеть,,
惶,в панике смешаться,,
愧,стыд,,
愉,наслаждаться,,
慨,вздыхать,,
割,резать,,
寒,холодный,,
富,богатый,,
寓,жить,,
窜,спрятаться,,
窝,гнездо,,
窖,погреб,,
窗,окно,,
窘,узкий,,
遍,распространяться повсюду,,
雇,нанимать,,
裕,изобильный,,
裤,штаны,,
裙,юбка,,
禅,о для жертвоприношения,,
禄,жалованье,,
谢,благодарить,,
谣,народная песня,,
谤,клеветать,,
谦,скромный,,
犀,носорог,,
属,принадлежать,,
屡,неоднократно,,
强,сильный,заставлять,
粥,жидкая каша,,
疏,расчищать,,
隔,отстоять,,
隙,трещина,,
隘,узкий,,
媒,сват,,
絮,старый хлопок,,
嫂,невестка,,
媚,льстить,,
婿,зять,,
登,подниматься,,
缅,далёкий,,
缆,канат,,
缉,шить мелкими стежками,,
缎,эта одежда оторочена атласной каймой,,
缓,лить,,
缔,крепко связывать,,
缕,нить,,
骗,обманывать,,
编,плести,,
骚,беспокоиться,,
缘,кайма,,
瑟,гусли,,
鹉,попугай,,
瑞,скипетр,,
瑰,великие идеи,,
瑙,агат,,
魂,душа,,
肆,отпускать,,
摄,брать,,
摸,щупать,,
填,заполнять,,
搏,ударять рукой,,
塌,рушиться,,
鼓,барабан,,
摆,расставлять,,
携,носить,,
搬,переезжать,,
摇,трясти,,
搞,заниматься,,
塘,плотина,,
摊,раскладывать,,
聘,приглашать,,
斟,разливать,,
蒜,чеснок,,
勤,стараться,,
靴,подошва сапога слишком толста,,
靶,мишень,,
鹊,сорока,,
蓝,голубой,,
墓,посещать могилы,,
幕,полог,,
蓬,мелколепестник острый,,
蓄,запасать,,
蒲,камыш,,
蓉,гуандунский диал. фарш,,
蒙,покрывать,,
蒸,крупный черенок,,
献,подносить,,
椿,цедрела китайская,,
禁,запрещать,,
楚,прутняк китайский,,
楷,образец,,
榄,олива,,
想,думать,,
槐,софора японская,,
榆,вяз приземистый,,
楼,башня,,
概,всеобщий,,
赖,опираться,,
酪,полутвёрдый или густой молочный продукт,,
酬,угощать,,
感,чувствовать,,
碍,заваливать,,
碘,кристалл йода,,
碑,поставить памятник,,
碎,разбить,,
碰,сталкиваться,случайно встречать,
碗,одна чашка риса,,
碌,заурядный,,
尴,сконфуженный,,
雷,Гром,,
零,мелкий,,
雾,туман,,
雹,крупа и град,,
辐,спица колеса,,
辑,собирать,,
输,проигрывать,,
督,контролировать,,
频,неоднократный,,
龄,возраст,,
鉴,зеркало,,
睛,не отводить глаза,,
睹,смотреть,,
睦,дружественный,,
瞄,брать на прицел,,
睫,ресница,,
睡,спать,,
睬,заставляю её делать уроки,,
嗜,любить,,
鄙,дикий,,
嗦,сосать пальцы,,
愚,неразумный,,
暖,тёплый,,
盟,лига,,
歇,отдыхать,,
暗,тёмный,,
暇,досуг,,
照,светиться,,
畸,неполный,,
跨,расставлять ноги,,
跷,поднимать высоко,,
跳,прыгать,,
跺,услышав эти слова,,
跪,стоять на коленях,,
路,дорога,,
跤,схватка,,
跟,следовать,,
遣,посылать,,
蜈,сороконожка,,
蜗,улитка,,
蛾,мотылёк,,
蜂,пчела,,
蜕,сброшенная кожа,,
嗅,обонять,,
嗡,мычанию коровы,,
嗓,гортань,,
署,учреждение,,
置,класть,,
罪,преступление,,
罩,колпак,,
蜀,Сычуань,,
幌,полог,,
错,ошибаться,,
锚,мор. якорь,,
锡,олово,,
锣,колотушка гонга,,
锤,молот,,
锥,шило,,
锦,парча,,
键,клавиша,,
锯,пилить,,
锰,марганцовая сталь,,
矮,низкий,,
辞,слово,,
稚,молодой,,
稠,густой,,
颓,обрушиваться,,
愁,тоска,,
筹,бирка,,
签,подписывать,,
简,бамбуковая дощечка для письма,,
筷,палочки из слоновой кости,,
毁,разрушаться,,
舅,дядя,,
鼠,крыса,,
催,побуждать,,
傻,тупой,,
像,внешний облик,,
躲,прятаться,,
魁,Ковш,,
衙,учреждение,,
微,крошечный,,
愈,превосходить,,
遥,далёкий,,
腻,сало,,
腰,поясница,,
腥,сырое мясо,,
腮,щека,,
腹,живот,,
腺,железа,,
鹏,мощные облака,,
腾,возноситься,,
腿,нога,,
鲍,солёная сушёная рыба,,
猿,обезьяна,,
颖,ость колоса,,
触,бодать,,
解,раскалывать,,
煞,заканчивать,,
雏,цыплёнок,,
馍,жарить хлебцы,,
馏,перегонять,,
酱,соевая подлива,,
禀,докладывать,,
痹,онеметь,,
廓,широкий,,
痴,тупой,,
痰,кровавая мокрота,,
廉,честный,,
靖,мирный,,
新,новый,,
韵,рифма,,
意,мысль,,
誊,переписать черновик,,
粮,хлеб в зерне,,
数,число,считать,
煎,выпаривать,,
塑,ваять,,
慈,любящий,,
煤,уголь,,
煌,светлый,,
满,полный,,
漠,безводная ширь,,
滇,дянь,,
源,ключ,,
滤,процедить один раз,,
滥,чрезмерный,,
滔,подниматься,,
溪,горный ручей,,
溜,стекать,,
漓,просачиваться,,
滚,набегать,,
溢,переливать через край,,
溯,идти против течения,,
滨,песчаный берег,,
溶,растворять,,
溺,тонуть,,
粱,просо,,
滩,отмель,,
慎,быть серьёзным,,
誉,хвалить,,
塞,затыкать,пограничная крепость,
寞,безмолвный,,
窥,подглядывать,,
窟,яма,,
寝,спать,,
谨,почтительный,,
褂,куртка,,
裸,голый,,
福,счастье,,
谬,ошибка,,
群,стадо,,
殿,зал,,
辟,государь,,
障,дамба,,
媳,жена младшего брата,,
嫉,завидовать,,
嫌,подозревать,,
嫁,выйти замуж,,
叠,лежать слоями,,
缚,связывать,,
缝,шить,,
缠,обматывать,,
缤,обильный,,
剿,вырезать,,
静,спокойный,,
碧,яшма,,
璃,стекло,,
赘,стар. быть заложенным,,
熬,томить,,
墙,стена,,
墟,большой голый холм,,
嘉,прекрасный,,
摧,разбивать,,
赫,огненно-красный,,
截,резать,,
誓,клятва,,
境,граница,,
摘,собирать,,
摔,бросать,,
撇,бросать,,
聚,собираться вместе,,
慕,думать о,,
暮,заход солнца,,
摹,подражать,,
蔓,плеть,,
蔑,третировать,,
蔡,Цай,,
蔗,сахарный тростник,,
蔽,покрывать,,
蔼,густой,,
熙,сияющий,,
蔚,полынь японская,,
兢,дрожать,,
模,форма,,
槛,клетка,,
榴,гранатовое дерево,,
榜,объявление,,
榨,выжимать,,
榕,фикус притупленный,,
歌,спеть песню,,
遭,столкнуться,,
酵,акциз на дрожжи,,
酷,жестокий,,
酿,изготовлять,,
酸,кислый,,
碟,блюдечко,,
碱,щёлочь,,
碳,углерод,,
磁,магнит,,
愿,хотеть,,
需,потребность,,
辖,управлять,,
辗,делать пол-оборота,,
雌,самка и самец,,
裳,одежда,,
颗,крупинка соли,,
瞅,смотреть,,
墅,усадьба,,
嗽,кашлять,,
踊,прыгать,,
蜻,стрекоза,,
蜡,воск,,
蝇,кампания по уничтожению мух,,
蜘,паук,,
蝉,цикада,,
嘛,же,модальная частица,
嘀,капать,,
赚,приобретать,,
锹,железная лопата,,
锻,ковать,,
镀,покрывать металлом,,
舞,танцевать,,
舔,лизать,,
稳,крепкий,,
熏,благоухать,,
箕,веяльная плетушка,,
算,считать,,
箩,бамбуковая корзина,,
管,управлять,,
箫,кит. муз. сяо,,
舆,экипаж,,
僚,чиновник,,
僧,буддийский монах,,
鼻,нос,,
魄,душа,,
魅,бес,,
貌,наружность,,
膜,плёнка,,
膊,плечо,,
膀,рука,,
鲜,свежий,редкий; мало,
疑,сомневаться,,
孵,вылупиться,,
馒,паровая булочка,,
裹,завёртывать,,
敲,стучать,,
豪,человек выдающийся,,
膏,жирное мясо,,
遮,покрывать,,
腐,гнить,,
瘩,шишка,,
瘟,эпидемия,,
瘦,худой,,
辣,острый,,
彰,ясный,,
竭,ощаться,,
端,конец,,
旗,знамя,,
精,чистый,,
粹,чистый,,
歉,неурожай,,
弊,надувательство,,
熄,потушить,,
熔,плавить чугун,,
煽,разжигать,,
潇,глубокий и чистый,Сяо (река),
漆,лак,,
漱,полоскать,,
漂,плыть,,
漫,разливаться,,
滴,капать,,
漾,зыбь,,
演,ставиться,,
漏,протекать,,
慢,медлительный,,
慷,щедрый,,
寨,частокол,,
赛,соревноваться,,
寡,вдова,,
察,расследовать,,
蜜,мёд,,
寥,пустынный,,
谭,Тань,,
肇,зачинать,,
褐,бурый,,
褪,спускаться,,
谱,систематическая запись,,
隧,ход,,
嫩,молодой,,
翠,самка зимородка,,
熊,ведь,,
凳,табурет,,
骡,мулы и ослы,,
缩,сжиматься,,
慧,умный,,
撵,гнать,,
撕,разорвать,,
撒,распускать,,
撩,поднять,,
趣,интерес,,
趟,/счётное слово,,
撑,подпирать,,
撮,брать двумя пальцами,,
撬,вскрыть,,
播,сеять,,
擒,взять живьём,,
墩,курган,,
撞,бить,,
撤,убирать,,
增,увеличивать,,
撰,сочинять,,
聪,чуткий,,
鞋,домашние туфли,,
鞍,все спешились и расседлали коней,,
蕉,напр. 芭蕉,,
蕊,тычинки и пестики,,
蔬,овощи,,
蕴,собирать,,
横,поперечина,,
槽,кормушка,,
樱,вишня,,
橡,дуб острейший,,
樟,камфора,,
橄,олива,,
敷,распространять,,
豌,горох,,
飘,носиться по ветру,,
醋,уксус,,
醇,чистейшее вино,,
醉,пьяный,,
磕,ударяться друг о друга,,
磊,груда камней,,
磅,английский фунт,,
碾,каток,,
震,греметь,,
霄,небесная твердь,,
霉,плесневый грибок,,
瞒,скрыть,,
题,лоб,,
暴,жестокий,,
瞎,слепой,,
嘻,хи-хи!,,
嘶,ржать,,
嘲,шутить,,
嘹,звонкий,,
影,тень,,
踢,лягать,,
踏,топать,,
踩,наступать ногой на,,
踪,след,,
蝶,бабочка,,
蝴,бабочка,,
蝠,летучая мышь,,
蝎,скорпион,,
蝌,головастик,,
蝗,налёты саранчи и засуха,,
蝙,летучая мышь,,
嘿,эй!,,
嘱,наказывать быть усердным в учении,,
幢,стяг,,
墨,тушь,,
镇,давить,,
镐,мотыга,,
镑,/ счётное слово фунт стерлингов,,
靠,опираться на,,
稽,задерживать,,
稻,рис посевной,,
黎,чёрный человек,,
稿,солома,,
稼,сеять хлеб,,
箱,ящик,,
篓,бамбуковая корзина,,
箭,стрела,,
篇,бамбуковая дощечка,,
僵,опрокидываться,,
躺,лежать,,
僻,захолустный,,
德,добродетель,,
艘,суда и вёсла,,
膝,сидеть на коленях,,
膛,грудь,,
鲤,карп,,
鲫,карась,,
熟,обработанный на огне,,
摩,тереть,,
褒,хвалить,,
瘪,сморщенный,,
瘤,опухоль,,
瘫,паралич,,
凛,холодный,,
颜,лицо,,
毅,обладающий широтой взглядов и решительный,,
糊,клейстер,,
遵,соблюдать,,
憋,сдерживать,,
潜,ходить под водой,,
澎,заливать,,
潮,прилив,,
潭,скрытый,,
鲨,акула,,
澳,излучина берега,,
潘,вода после промывки риса,,
澈,прозрачный,,
澜,большие волны,,
澄,зеркальный,,
懂,знать,,
憔,измождённый,,
懊,терзаться раскаянием,,
憎,ненавидеть,,
额,лоб,,
翩,быстрый,,
褥,надувной матрац,,
谴,делать выговор,,
鹤,журавль обыкновенный,,
憨,наивный,,
慰,утешать,,
劈,колоть,,
履,туфли,,
豫,приготовить,,
缭,обвязывать,,
撼,двигать,,
擂,растирать,,
操,орудовать,,
擅,узурпировать,,
燕,ласточка,,
蕾,бутон и коробочка,,
薯,ямс,,
薛,Сюэ,,
薇,чистоуст японский,,
擎,поднимать,,
薪,хворост,,
薄,тонкий,слабый; небольшой,
颠,трясти,,
翰,фазан,,
噩,злой,,
橱,ый шкаф,,
橙,апельсин,,
橘,мандарин,,
整,приводить в порядок,,
融,таять,,
瓢,тыква-горлянка,,
醒,протрезвляться,,
霍,быстро,,
霎,мелкий дождь,,
辙,колея,,
冀,надеяться,,
餐,есть,,
嘴,рот,,
踱,прогуливаться взад и вперёд,,
蹄,конское копыто,,
蹂,одни просеивают зерно,,
蟆,жаба,,
螃,краб,,
器,сосуд,,
噪,щебетать,,
鹦,говор попугая,,
赠,дарить,,
默,молчать,,
黔,тёмный,,
镜,зеркало,,
赞,помогать,,
穆,прекрасный,,
篮,корзина,,
篡,узурпировать,,
篷,тент,,
篱,плетень,,
儒,учёный-философ,,
邀,приглашать,,
衡,вес. мера веса,,
膨,вспухать,,
雕,вырезать,,
鲸,киты и драконы,,
磨,молоть,,
瘾,увлечение,,
瘸,идти хромая,,
凝,сгущаться,,
辨,различать,,
辩,вести спор,,
糙,грубый,,
糖,сахар,,
糕,кекс,,
燃,жечь,,
濒,омываться,,
澡,мыть,,
激,стремительный,,
懒,лень,,
憾,негодование,,
懈,расслабляться,,
窿,расчистить заброшенные штольни,,
壁,стена,,
避,прятаться,,
缰,повод,,
缴,вносить,,
戴,носить груз на голове,,
擦,тереть,,
藉,подстилать,,
鞠,ножной мяч,,
藏,прятать,Тибет,
藐,далёкий,,
檬,только в сочетании,,
檐,стреха,,
檀,сандаловое дерево,,
礁,пароход наскочил на риф,,
磷,красный фосфор,,
霜,иней,,
霞,заря,,
瞭,смотреть вдаль,,
瞧,смотреть,,
瞬,моргать,,
瞳,зрачок,,
瞩,сосредоточенно всматриваться вдаль,,
瞪,уставиться неподвижным взглядом,,
曙,рассвет,,
蹋,ступать,,
蹈,ступать по,,
螺,спиральная раковина моллюска,,
蟋,сверчок,,
蟀,сверчок,,
嚎,выть,,
赡,давать,,
穗,колос,,
魏,Вэй,династия Вэй,
簧,клапан,,
簇,сплетение,,
繁,многочисленный,,
徽,отличительный знак,,
爵,кубок,,
朦,заволакиваться,,
臊,вонючий,,
鳄,китайский аллигатор,,
癌,рак желудка,,
辫,заплетать,,
赢,выиграть,,
糟,винная гуща,,
糠,отруби,,
燥,сухой,,
懦,робкий,,
豁,быть широко раскрытым,,
臀,ягодица,,
臂,рука,,
翼,крыло,,
骤,быстро мчаться,,
藕,клубень лотоса,,
鞭,плеть,,
藤,ползучие растения,,
覆,опрокидывать,,
瞻,смотреть,,
蹦,подпрыгивать,,
嚣,кричать,,
镰,серпом,,
翻,перевернуть,,
鳍,хребет,,
鹰,орёл,,
瀑,грозовой дождь,,
襟,передняя пола халата,,
璧,клейнод,,
戳,проколоть,,
孽,сын от младшей жены,,
警,предостерегать,,
蘑,грибы,,
藻,водоросль,,
攀,цепляться,,
曝,крестьяне сушат пшеницу,,
蹲,подогнуть ноги,,
蹭,ковылять,,
蹬,наступать на,,
巅,вершина горы,,
簸,веять,,
簿,счётная книга,,
蟹,краб,,
颤,дрожать,,
靡,не иметь,,
癣,выскочил струп,,
瓣,лепесток,,
羹,суп,,
鳖,дальневосточная черепаха,,
爆,лопаться,,
疆,граница,,
鬓,виски,,
壤,земля,,
馨,сильный аромат,,
耀,сияющий,,
躁,горячий,,
蠕,еле-еле двигаться,,
嚼,жевать,,
嚷,шуметь,,
巍,военные заслуги огромны,,
籍,дощечки для письма,,
鳞,биол. чешуя,,
魔,злой дух,,
糯,клейкий рис,,
灌,поливать,,
譬,пример,,
蠢,тупой,,
霸,предводитель князей,,
露,роса,показывать; раскрывать,
霹,удар грома,,
躏,топтать,,
黯,иссиня-чёрный,,
髓,мозг,,
赣,Цзянси,река Гань,
囊,мешок,,
镶,инкрустировать,,
瓤,мякоть тыквенных растений,,
罐,горшок,,
矗,выситься,,
