является фонетико-семантическим компонентом,фонетик,汉字,部件1,部件2,部件3,部件4,部件5,部件6,部件7,部件8,部件9
Нет,,一,一,,,,,,,,
Нет,,乙,乙,,,,,,,,
Нет,,二,一,一,,,,,,,
Нет,,十,一,丨,,,,,,,
Нет,,丁,丁,,,,,,,,
Нет,,厂,一,丿,,,,,,,
Нет,,七,一,乚,,,,,,,
Нет,,卜,丨,丶,,,,,,,
Нет,,人,人,,,,,,,,
Нет,,入,入,,,,,,,,
Нет,,八,八,,,,,,,,
Нет,,九,丿,乙,,,,,,,
Нет,,几,几,,,,,,,,
Нет,,儿,丿,乚,,,,,,,
Нет,,了,了,,,,,,,,
Нет,,力,丿,𠃌,,,,,,,
Нет,,乃,乃,,,,,,,,
Нет,,刀,𠃌,丿,,,,,,,
Нет,,又,又,,,,,,,,
Нет,,三,一,二,,,,,,,
Нет,,于,于,,,,,,,,
Да,干,干,一,十,,,,,,,
Нет,,亏,一,丂,,,,,,,
Нет,,士,十,一,,,,,,,
Нет,,工,二,丨,,,,,,,
Нет,,土,十,一,,,,,,,
Нет,,才,才,,,,,,,,
Нет,,寸,寸,,,,,,,,
Нет,,下,一,卜,,,,,,,
Нет,,大,人,一,,,,,,,
Нет,,丈,一,乂,,,,,,,
Нет,,与,一,乙,一,,,,,,
Нет,,万,一,勹,,,,,,,
Нет,,上,一,丨,一,,,,,,
Нет,,小,小,,,,,,,,
Нет,,口,冂,一,,,,,,,
Нет,,巾,冂,丨,,,,,,,
Нет,,山,凵,丨,,,,,,,
Да,人,千,丿,十,,,,,,,
Нет,,乞,丿,一,乙,,,,,,
Нет,,川,丿,丨,丨,,,,,,
Да,意,亿,人,乙,,,,,,,
Да,古,个,人,丨,,,,,,,
Нет,,勺,勹,丶,,,,,,,
Нет,,久,丿,入,,,,,,,
Нет,,凡,几,丶,,,,,,,
Нет,,及,及,,,,,,,,
Нет,,夕,丿,丿,丶,,,,,,
Нет,,丸,丶,九,,,,,,,
Нет,,么,丿,厶,,,,,,,
Да,黄,广,丶,一,丿,,,,,,
Нет,,亡,亡,,,,,,,,
Нет,,门,丶,丨,𠃌,,,,,,
Да,我,义,丶,乂,,,,,,,
Нет,,之,之,,,,,,,,
Нет,,尸,𠃌,一,丿,,,,,,
Нет,,弓,𠃌,一,乙,,,,,,
Нет,,己,𠃌,一,乚,,,,,,
Нет,,已,𠃌,一,乚,,,,,,
Нет,,子,了,一,,,,,,,
Нет,,卫,卩,一,,,,,,,
Нет,,也,也,,,,,,,,
Нет,,女,𠃊,一,丿,,,,,,
Нет,,飞,乙,丷,,,,,,,
Нет,,刃,刀,丶,,,,,,,
Нет,,习,刁,丶,,,,,,,
Нет,,叉,又,丶,,,,,,,
Нет,,马,马,,,,,,,,
Нет,,乡,乡,,,,,,,,
Нет,,丰,三,丨,,,,,,,
Нет,,王,一,土,,,,,,,
Нет,,井,二,丿,丨,,,,,,
Да,开,开,一,廾,,,,,,,
Нет,,夫,一,大,,,,,,,
Нет,,天,一,大,,,,,,,
Нет,,无,一,尢,,,,,,,
Нет,,元,二,儿,,,,,,,
Нет,,专,专,,,,,,,,
Да,云,云,二,厶,,,,,,,
Да,札,扎,扌,乚,,,,,,,
Да,埶,艺,艹,乙,,,,,,,
Нет,,木,一,小,,,,,,,
Нет,,五,二,丨,𠃌,,,,,,
Нет,,支,十,又,,,,,,,
Нет,,厅,厂,丁,,,,,,,
Нет,,不,一,丿,丨,丶,,,,,
Нет,,太,大,丶,,,,,,,
Нет,,犬,大,丶,,,,,,,
Нет,,区,匚,乂,,,,,,,
Да,历,历,厂,力,,,,,,,
Нет,,尤,尢,丶,,,,,,,
Да,又,友,一,丿,又,,,,,,
Нет,,匹,匚,儿,,,,,,,
Нет,,车,车,,,,,,,,
Нет,,巨,匚,乛,一,,,,,,
Нет,,牙,牙,,,,,,,,
Нет,,屯,丿,凵,乚,,,,,,
Нет,,比,匕,匕,,,,,,,
Нет,,互,一,彑,,,,,,,
Да,七,切,七,刀,,,,,,,
Нет,,瓦,瓦,,,,,,,,
Нет,,止,上,丨,,,,,,,
Нет,,少,小,丿,,,,,,,
Нет,,日,口,一,,,,,,,
Нет,,中,口,丨,,,,,,,
Нет,,冈,冂,乂,,,,,,,
Нет,,贝,冂,人,,,,,,,
Да,入,内,冂,人,,,,,,,
Нет,,水,水,,,,,,,,
Нет,,见,冂,丿,乚,,,,,,
Нет,,午,丿,干,,,,,,,
Нет,,牛,丿,一,十,,,,,,
Нет,,手,手,,,,,,,,
Нет,,毛,丿,一,匕,,,,,,
Да,气,气,丿,一,乙,一,,,,,
Нет,,升,千,丨,,,,,,,
Нет,,长,长,,,,,,,,
Да,人,仁,人,二,,,,,,,
Да,十,什,人,十,,,,,,,
Нет,,片,丨,一,丿,𠃌,,,,,
Нет,,仆,人,卜,,,,,,,
Нет,,化,人,匕,,,,,,,
Да,九,仇,人,九,,,,,,,
Нет,,币,丿,巾,,,,,,,
Нет,,仍,人,乃,,,,,,,
Нет,,仅,人,又,,,,,,,
Нет,,斤,厂,一,丨,,,,,,
Нет,,爪,爪,,,,,,,,
Нет,,反,厂,又,,,,,,,
Нет,,介,人,丿,丨,,,,,,
Нет,,父,八,乂,,,,,,,
Нет,,从,人,人,,,,,,,
Нет,,今,人,丶,乛,,,,,,
Нет,,凶,凵,乂,,,,,,,
Нет,,分,八,刀,,,,,,,
Нет,,乏,丿,之,,,,,,,
Нет,,公,八,厶,,,,,,,
Нет,,仓,人,卩,,,,,,,
Нет,,月,冂,一,一,,,,,,
Нет,,氏,氏,,,,,,,,
Нет,,勿,勹,丿,丿,,,,,,
Нет,,欠,刀,人,,,,,,,
Нет,,风,几,乂,,,,,,,
Нет,,丹,冂,丶,一,,,,,,
Нет,,匀,勹,冫,,,,,,,
Нет,,乌,勹,乙,一,,,,,,
Нет,,凤,几,又,,,,,,,
Нет,,勾,勹,厶,,,,,,,
Нет,,文,亠,乂,,,,,,,
Нет,,六,亠,八,,,,,,,
Нет,,方,亠,勹,,,,,,,
Нет,,火,丷,人,,,,,,,
Нет,,为,丶,丿,𠃌,丶,,,,,
Да,斲,斗,丶,丶,十,,,,,,
Да,意,忆,忄,乙,,,,,,,
Да,丁,订,讠,丁,,,,,,,
Да,十,计,讠,十,,,,,,,
Нет,,户,丶,尸,,,,,,,
Нет,,认,讠,人,,,,,,,
Нет,,心,丿,乚,丶,丶,,,,,
Нет,,尺,尺,,,,,,,,
Нет,,引,弓,丨,,,,,,,
Нет,,丑,𠃌,一,丨,一,,,,,
Нет,,巴,巳,丨,,,,,,,
Нет,,孔,子,乙,,,,,,,
Да,㒸,队,阝,人,,,,,,,
Нет,,办,力,八,,,,,,,
Нет,,以,{⿰𠄌丶},人,,,,,,,
Нет,,允,厶,儿,,,,,,,
Нет,,予,予,,,,,,,,
Нет,,劝,又,力,,,,,,,
Нет,,双,又,又,,,,,,,
Да,者,书,𠃌,𠃌,丨,丶,,,,,
Нет,,幻,幺,𠃌,,,,,,,
Нет,,玉,王,丶,,,,,,,
Да,干,刊,干,刀,,,,,,,
Нет,,示,二,小,,,,,,,
Нет,,末,木,一,,,,,,,
Нет,,未,一,木,,,,,,,
Нет,,击,二,山,,,,,,,
Да,丁,打,扌,丁,,,,,,,
Нет,,巧,工,丂,,,,,,,
Да,丁,正,一,止,,,,,,,
Нет,,扑,扌,卜,,,,,,,
Да,八,扒,扌,八,,,,,,,
Да,工,功,工,力,,,,,,,
Нет,,扔,扌,乃,,,,,,,
Нет,,去,土,厶,,,,,,,
Нет,,甘,廿,一,,,,,,,
Нет,,世,世,,,,,,,,
Нет,,古,十,口,,,,,,,
Нет,,节,艹,𰆊,,,,,,,
Нет,,本,木,一,,,,,,,
Да,术,术,木,丶,,,,,,,
Нет,,可,丁,口,,,,,,,
Нет,,丙,一,人,冂,,,,,,
Да,左,左,一,丿,工,,,,,,
Да,万,厉,厂,万,,,,,,,
Да,又,右,一,丿,口,,,,,,
Нет,,石,一,丿,口,,,,,,
Нет,,布,一,丿,巾,,,,,,
Нет,,龙,尤,丿,,,,,,,
Нет,,平,干,丷,,,,,,,
Да,戌,灭,一,火,,,,,,,
Нет,,轧,车,乚,,,,,,,
Нет,,东,东,,,,,,,,
Нет,,卡,上,卜,,,,,,,
Нет,,北,{⿰二丨},匕,,,,,,,
Нет,,占,卜,口,,,,,,,
Нет,,业,丨,丨,丷,一,,,,,
Нет,,旧,丨,日,,,,,,,
Нет,,帅,丨,丿,巾,,,,,,
Нет,,归,丨,丿,彐,,,,,,
Нет,,且,月,一,,,,,,,
Нет,,旦,日,一,,,,,,,
Нет,,目,囗,二,,,,,,,
Да,十,叶,口,十,,,,,,,
Нет,,甲,囗,十,,,,,,,
Нет,,申,囗,十,,,,,,,
Да,丁,叮,口,丁,,,,,,,
Да,申,电,日,乚,,,,,,,
Да,号,号,口,丂,,,,,,,
Нет,,田,囗,十,,,,,,,
Нет,,由,囗,十,,,,,,,
Нет,,史,口,乂,,,,,,,
Нет,,只,口,八,,,,,,,
Нет,,央,冂,大,,,,,,,
Нет,,兄,口,儿,,,,,,,
Нет,,叼,口,刁,,,,,,,
Да,丩,叫,口,丩,,,,,,,
Нет,,另,口,力,,,,,,,
Нет,,叨,口,刀,,,,,,,
Да,𦰩,叹,口,又,,,,,,,
Нет,,四,囗,儿,,,,,,,
Нет,,生,牛,一,,,,,,,
Нет,,失,丿,夫,,,,,,,
Нет,,禾,丿,木,,,,,,,
Нет,,丘,厂,工,,,,,,,
Нет,,付,人,寸,,,,,,,
Да,丈,仗,人,丈,,,,,,,
Нет,,代,人,弋,,,,,,,
Да,山,仙,人,山,,,,,,,
Нет,,们,人,门,,,,,,,
Да,我,仪,人,义,,,,,,,
Нет,,白,丿,日,,,,,,,
Да,子,仔,人,子,,,,,,,
Нет,,他,人,也,,,,,,,
Нет,,斥,斤,丶,,,,,,,
Нет,,瓜,瓜,,,,,,,,
Нет,,乎,乎,,,,,,,,
Нет,,丛,人,人,一,,,,,,
Нет,,令,人,一,卩,,,,,,
Нет,,用,月,丨,,,,,,,
Нет,,甩,月,乚,,,,,,,
Нет,,印,卬,一,,,,,,,
Нет,,乐,匚,小,,,,,,,
Нет,,句,勹,口,,,,,,,
Нет,,匆,勿,丶,,,,,,,
Нет,,册,⺆,⺆,一,,,,,,
Нет,,犯,犭,卩,,,,,,,
Да,月,外,夕,卜,,,,,,,
Нет,,处,夕,卜,,,,,,,
Да,冬,冬,夂,冫,,,,,,,
Нет,,鸟,勹,丶,乙,一,,,,,
Нет,,务,夕,力,,,,,,,
Нет,,包,勹,己,,,,,,,
Нет,,饥,饣,几,,,,,,,
Нет,,主,丶,王,,,,,,,
Да,止,市,亠,巾,,,,,,,
Нет,,立,亠,丷,一,,,,,,
Нет,,闪,门,人,,,,,,,
Нет,,兰,丷,三,,,,,,,
Нет,,半,丷,一,十,,,,,,
Да,十,汁,氵,十,,,,,,,
Да,胃,汇,氵,匚,,,,,,,
Нет,,头,丶,丶,大,,,,,,
Да,𦰩,汉,氵,又,,,,,,,
Нет,,宁,宀,丁,,,,,,,
Нет,,穴,宀,八,,,,,,,
Нет,,它,宀,匕,,,,,,,
Да,肘,讨,讠,寸,,,,,,,
Нет,,写,冖,与,,,,,,,
Нет,,让,讠,上,,,,,,,
Да,豊,礼,礻,乚,,,,,,,
Да,川,训,讠,川,,,,,,,
Нет,,必,心,丿,,,,,,,
Да,我,议,讠,义,,,,,,,
Нет,,讯,讠,卂,,,,,,,
Да,己,记,讠,己,,,,,,,
Нет,,永,永,,,,,,,,
Нет,,司,𠃌,一,口,,,,,,
Нет,,尼,尸,匕,,,,,,,
Нет,,民,民,,,,,,,,
Нет,,出,山,凵,,,,,,,
Нет,,辽,辶,了,,,,,,,
Нет,,奶,女,乃,,,,,,,
Да,女,奴,女,又,,,,,,,
Нет,,加,力,口,,,,,,,
Нет,,召,刀,口,,,,,,,
Нет,,皮,丿,十,又,,,,,,
Да,臱,边,辶,力,,,,,,,
Нет,,发,发,,,,,,,,
Нет,,孕,乃,子,,,,,,,
Да,又,圣,又,土,,,,,,,
Нет,,对,又,寸,,,,,,,
Да,之,台,厶,口,,,,,,,
Нет,,矛,予,丿,,,,,,,
Да,丩,纠,纟,丩,,,,,,,
Нет,,母,母,,,,,,,,
Нет,,幼,幺,力,,,,,,,
Нет,,丝,丝,,,,,,,,
Нет,,式,弋,工,,,,,,,
Да,耕,刑,开,刀,,,,,,,
Нет,,动,云,力,,,,,,,
Да,工,扛,扌,工,,,,,,,
Да,之,寺,土,寸,,,,,,,
Нет,,吉,士,口,,,,,,,
Да,口,扣,扌,口,,,,,,,
Нет,,考,耂,丂,,,,,,,
Нет,,托,扌,乇,,,,,,,
Нет,,老,耂,匕,,,,,,,
Нет,,执,扌,丸,,,,,,,
Да,工,巩,工,凡,,,,,,,
Нет,,圾,土,及,,,,,,,
Да,黄,扩,扌,广,,,,,,,
Нет,,扫,扌,彐,,,,,,,
Нет,,地,土,也,,,,,,,
Да,昜,扬,扌,𠃓,,,,,,,
Да,昜,场,土,𠃓,,,,,,,
Нет,,耳,耳,,,,,,,,
Нет,,共,井,八,,,,,,,
Да,亡,芒,艹,亡,,,,,,,
Нет,,亚,一,业,,,,,,,
Да,之,芝,艹,之,,,,,,,
Нет,,朽,木,丂,,,,,,,
Нет,,朴,木,卜,,,,,,,
Нет,,机,木,几,,,,,,,
Нет,,权,木,又,,,,,,,
Нет,,过,辶,寸,,,,,,,
Нет,,臣,巨,丨,丨,,,,,,
Нет,,再,一,冂,十,一,,,,,
Нет,,协,十,办,,,,,,,
Нет,,西,一,四,,,,,,,
Нет,,压,厂,土,丶,,,,,,
Нет,,厌,厂,犬,,,,,,,
Нет,,在,一,人,土,,,,,,
Да,又,有,一,丿,月,,,,,,
Да,白,百,一,白,,,,,,,
Нет,,存,一,人,子,,,,,,
Нет,,而,一,丶,冂,丨,丨,,,,
Нет,,页,一,丶,贝,,,,,,
Нет,,匠,匚,斤,,,,,,,
Нет,,夸,大,一,丂,,,,,,
Нет,,夺,大,寸,,,,,,,
Да,又,灰,厂,火,,,,,,,
Да,大,达,辶,大,,,,,,,
Да,列,列,歹,刀,,,,,,,
Нет,,死,歹,匕,,,,,,,
Да,丁,成,戊,𠃌,,,,,,,
Да,合,夹,一,丷,大,,,,,,
Да,九,轨,车,九,,,,,,,
Нет,,邪,牙,阝,,,,,,,
Нет,,划,戈,刀,,,,,,,
Да,万,迈,辶,万,,,,,,,
Нет,,毕,匕,匕,十,,,,,,
Нет,,至,一,厶,土,,,,,,
Нет,,此,止,匕,,,,,,,
Да,鼎,贞,卜,贝,,,,,,,
Нет,,师,丨,丿,丿,巾,,,,,
Нет,,尘,小,土,,,,,,,
Нет,,尖,小,大,,,,,,,
Нет,,劣,少,力,,,,,,,
Нет,,光,小,兀,,,,,,,
Нет,,当,小,彐,,,,,,,
Нет,,早,日,十,,,,,,,
Да,土,吐,口,土,,,,,,,
Да,赤,吓,口,下,,,,,,,
Нет,,虫,虫,,,,,,,,
Нет,,曲,曰,丨,丨,,,,,,
Нет,,团,囗,才,,,,,,,
Нет,,同,冂,一,口,,,,,,
Нет,,吊,口,巾,,,,,,,
Да,乞,吃,口,丿,一,乙,,,,,
Нет,,因,囗,大,,,,,,,
Да,及,吸,口,及,,,,,,,
Нет,,吗,口,马,,,,,,,
Нет,,屿,山,与,,,,,,,
Нет,,帆,巾,凡,,,,,,,
Да,戉,岁,山,夕,,,,,,,
Да,回,回,囗,口,,,,,,,
Нет,,岂,山,己,,,,,,,
Да,刚,刚,冂,乂,刀,,,,,,
Нет,,则,贝,刀,,,,,,,
Нет,,肉,冂,人,人,,,,,,
Да,亡,网,冂,乂,乂,,,,,,
Да,人,年,丿,丰,丶,,,,,,
Да,朱,朱,丿,未,,,,,,,
Нет,,先,丿,土,儿,,,,,,
Нет,,丢,丿,去,,,,,,,
Нет,,舌,千,口,,,,,,,
Нет,,竹,竹,,,,,,,,
Да,千,迁,辶,千,,,,,,,
Нет,,乔,夭,丿,丨,,,,,,
Нет,,伟,人,韦,,,,,,,
Нет,,传,人,专,,,,,,,
Нет,,乒,丘,丿,,,,,,,
Нет,,乓,丘,丶,,,,,,,
Нет,,休,人,木,,,,,,,
Да,五,伍,人,五,,,,,,,
Нет,,伏,人,犬,,,,,,,
Да,㥑,优,人,尤,,,,,,,
Нет,,伐,人,戈,,,,,,,
Нет,,延,廴,𠂛,,,,,,,
Нет,,件,人,牛,,,,,,,
Нет,,任,人,壬,,,,,,,
Да,昜,伤,人,丿,一,力,,,,,
Да,介,价,人,人,丿,丨,,,,,
Нет,,份,人,八,刀,,,,,,
Да,华,华,人,匕,十,,,,,,
Нет,,仰,人,卬,,,,,,,
Нет,,仿,人,方,,,,,,,
Да,火,伙,人,火,,,,,,,
Да,为,伪,人,为,,,,,,,
Нет,,自,丶,目,,,,,,,
Нет,,血,丶,皿,,,,,,,
Нет,,向,丶,冂,口,,,,,,
Нет,,似,人,{⿰𠄌丶},人,,,,,,
Нет,,后,厂,一,口,,,,,,
Нет,,行,彳,一,丁,,,,,,
Нет,,舟,丶,冂,一,丶,丶,,,,
Нет,,全,人,王,,,,,,,
Нет,,会,人,云,,,,,,,
Нет,,杀,乂,木,,,,,,,
Нет,,合,人,一,口,,,,,,
Нет,,兆,儿,丷,八,,,,,,
Нет,,企,人,止,,,,,,,
Нет,,众,人,人,人,,,,,,
Нет,,爷,父,卩,,,,,,,
Да,散,伞,人,丷,十,,,,,,
Да,井,创,人,卩,刀,,,,,,
Нет,,肌,月,几,,,,,,,
Нет,,朵,几,木,,,,,,,
Нет,,杂,九,木,,,,,,,
Нет,,危,刀,厂,卩,,,,,,
Нет,,旬,勹,日,,,,,,,
Нет,,旨,匕,日,,,,,,,
Нет,,负,刀,贝,,,,,,,
Нет,,各,夂,口,,,,,,,
Нет,,名,夕,口,,,,,,,
Нет,,多,夕,夕,,,,,,,
Нет,,争,刀,肀,,,,,,,
Нет,,色,刀,巴,,,,,,,
Да,爿,壮,丬,士,,,,,,,
Да,中,冲,冫,中,,,,,,,
Нет,,冰,冫,水,,,,,,,
Да,爿,庄,广,土,,,,,,,
Нет,,庆,广,大,,,,,,,
Нет,,亦,亦,,,,,,,,
Нет,,刘,文,刀,,,,,,,
Нет,,齐,文,丿,丨,,,,,,
Нет,,交,亠,父,,,,,,,
Нет,,次,冫,欠,,,,,,,
Нет,,衣,丶,一,𧘇,,,,,,
Нет,,产,立,丿,,,,,,,
Нет,,决,冫,夬,,,,,,,
Нет,,充,亠,厶,儿,,,,,,
Да,亡,妄,亡,女,,,,,,,
Нет,,闭,门,才,,,,,,,
Да,门,问,门,口,,,,,,,
Нет,,闯,门,马,,,,,,,
Нет,,羊,丷,三,丨,,,,,,
Нет,,并,丷,开,,,,,,,
Да,卵,关,丷,天,,,,,,,
Нет,,米,丷,木,,,,,,,
Да,丁,灯,火,丁,,,,,,,
Нет,,州,川,丶,丶,丶,,,,,
Да,干,汗,氵,干,,,,,,,
Нет,,污,氵,一,丂,,,,,,
Да,工,江,氵,工,,,,,,,
Нет,,池,氵,也,,,,,,,
Да,昜,汤,氵,𠃓,,,,,,,
Да,亡,忙,忄,亡,,,,,,,
Нет,,兴,丷,六,,,,,,,
Нет,,宇,宀,于,,,,,,,
Да,肘,守,宀,寸,,,,,,,
Нет,,宅,宀,乇,,,,,,,
Да,子,字,宀,子,,,,,,,
Нет,,安,宀,女,,,,,,,
Нет,,讲,讠,井,,,,,,,
Нет,,军,冖,车,,,,,,,
Да,午,许,讠,午,,,,,,,
Нет,,论,讠,仑,,,,,,,
Нет,,农,冖,𧘇,,,,,,,
Нет,,讽,讠,风,,,,,,,
Да,埶,设,讠,殳,,,,,,,
Нет,,访,讠,方,,,,,,,
Нет,,寻,彐,寸,,,,,,,
Нет,,那,月,阝,,,,,,,
Нет,,迅,辶,卂,,,,,,,
Нет,,尽,尺,冫,,,,,,,
Да,首,导,巳,寸,,,,,,,
Нет,,异,已,廾,,,,,,,
Нет,,孙,子,小,,,,,,,
Нет,,阵,阝,车,,,,,,,
Да,昜,阳,阝,日,,,,,,,
Да,丩,收,丩,攴,,,,,,,
Нет,,阶,阝,人,丿,丨,,,,,
Да,今,阴,阝,月,,,,,,,
Нет,,防,阝,方,,,,,,,
Да,干,奸,女,干,,,,,,,
Да,女,如,女,口,,,,,,,
Нет,,妇,女,彐,,,,,,,
Нет,,好,女,子,,,,,,,
Нет,,她,女,也,,,,,,,
Нет,,妈,女,马,,,,,,,
Нет,,戏,又,戈,,,,,,,
Нет,,羽,习,习,,,,,,,
Нет,,观,又,见,,,,,,,
Нет,,欢,又,欠,,,,,,,
Нет,,买,乛,头,,,,,,,
Да,工,红,纟,工,,,,,,,
Да,牵,纤,纟,千,,,,,,,
Да,及,级,纟,及,,,,,,,
Нет,,约,纟,勺,,,,,,,
Да,己,纪,纟,己,,,,,,,
Нет,,驰,马,也,,,,,,,
Да,川,巡,辶,巛,,,,,,,
Нет,,寿,丰,寸,,,,,,,
Нет,,弄,王,廾,,,,,,,
Да,来,麦,丰,夕,,,,,,,
Да,耕,形,开,彡,,,,,,,
Нет,,进,辶,井,,,,,,,
Нет,,戒,廾,戈,,,,,,,
Да,天,吞,天,口,,,,,,,
Да,袁,远,辶,二,儿,,,,,,
Нет,,违,辶,韦,,,,,,,
Нет,,运,辶,云,,,,,,,
Нет,,扶,扌,夫,,,,,,,
Нет,,抚,扌,无,,,,,,,
Да,旦,坛,土,云,,,,,,,
Нет,,技,扌,十,又,,,,,,
Нет,,坏,土,不,,,,,,,
Да,夒,扰,扌,尤,,,,,,,
Да,巨,拒,扌,巨,,,,,,,
Нет,,找,扌,戈,,,,,,,
Нет,,批,扌,匕,匕,,,,,,
Да,止,扯,扌,止,,,,,,,
Да,止,址,土,止,,,,,,,
Нет,,走,十,乛,卜,人,,,,,
Да,少,抄,扌,少,,,,,,,
Да,贝,坝,土,贝,,,,,,,
Да,工,贡,工,贝,,,,,,,
Да,工,攻,工,攴,,,,,,,
Нет,,赤,赤,,,,,,,,
Нет,,折,扌,斤,,,,,,,
Нет,,抓,扌,爪,,,,,,,
Нет,,扮,扌,八,刀,,,,,,
Нет,,抢,扌,人,卩,,,,,,
Нет,,孝,耂,子,,,,,,,
Нет,,均,土,勹,冫,,,,,,
Нет,,抛,扌,九,力,,,,,,
Да,殳,投,扌,殳,,,,,,,
Нет,,坟,土,文,,,,,,,
Нет,,抗,扌,亠,几,,,,,,
Нет,,坑,土,亠,几,,,,,,
Нет,,坊,土,方,,,,,,,
Да,斗,抖,扌,斗,,,,,,,
Нет,,护,扌,户,,,,,,,
Нет,,壳,士,冖,几,,,,,,
Да,之,志,士,心,,,,,,,
Нет,,扭,扌,丑,,,,,,,
Нет,,块,土,夬,,,,,,,
Да,殸,声,士,尸,丨,,,,,,
Нет,,把,扌,巴,,,,,,,
Нет,,报,扌,卩,又,,,,,,
Нет,,却,去,卩,,,,,,,
Нет,,劫,去,力,,,,,,,
Нет,,芽,艹,牙,,,,,,,
Да,化,花,艹,人,匕,,,,,,
Нет,,芹,艹,斤,,,,,,,
Нет,,芬,艹,八,刀,,,,,,
Нет,,苍,艹,人,卩,,,,,,
Нет,,芳,艹,方,,,,,,,
Нет,,严,亚,丿,,,,,,,
Нет,,芦,艹,户,,,,,,,
Да,劳,劳,艹,冖,力,,,,,,
Нет,,克,十,口,儿,,,,,,
Да,鱼,苏,艹,办,,,,,,,
Да,干,杆,木,干,,,,,,,
Да,工,杠,木,工,,,,,,,
Да,土,杜,木,土,,,,,,,
Нет,,材,木,才,,,,,,,
Да,寸,村,木,寸,,,,,,,
Нет,,杏,木,口,,,,,,,
Да,及,极,木,及,,,,,,,
Да,来,李,木,子,,,,,,,
Да,昜,杨,木,𠃓,,,,,,,
Нет,,求,求,,,,,,,,
Нет,,更,一,日,人,,,,,,
Нет,,束,木,口,,,,,,,
Нет,,豆,一,口,丷,一,,,,,
Нет,,两,两,,,,,,,,
Нет,,丽,一,冂,丶,冂,丶,,,,
Нет,,医,匚,矢,,,,,,,
Нет,,辰,辰,,,,,,,,
Да,万,励,厂,万,力,,,,,,
Нет,,否,不,口,,,,,,,
Нет,,还,辶,不,,,,,,,
Нет,,歼,歹,千,,,,,,,
Нет,,来,一,米,,,,,,,
Нет,,连,辶,车,,,,,,,
Нет,,步,止,小,,,,,,,
Да,臣,坚,丨,丨,又,土,,,,,
Да,干,旱,日,干,,,,,,,
Да,丁,盯,目,丁,,,,,,,
Нет,,呈,口,王,,,,,,,
Да,之,时,日,寸,,,,,,,
Нет,,吴,口,天,,,,,,,
Нет,,助,且,力,,,,,,,
Нет,,县,且,厶,,,,,,,
Да,里,里,甲,二,,,,,,,
Нет,,呆,口,木,,,,,,,
Да,袁,园,囗,二,儿,,,,,,
Да,黄,旷,日,广,,,,,,,
Нет,,围,囗,韦,,,,,,,
Нет,,呀,口,牙,,,,,,,
Нет,,吨,口,屯,,,,,,,
Нет,,足,口,卜,人,,,,,,
Да,由,邮,由,阝,,,,,,,
Нет,,男,田,力,,,,,,,
Нет,,困,囗,木,,,,,,,
Да,少,吵,口,少,,,,,,,
Нет,,串,中,口,,,,,,,
Да,员,员,口,贝,,,,,,,
Нет,,听,口,斤,,,,,,,
Нет,,吩,口,八,刀,,,,,,
Нет,,吹,口,欠,,,,,,,
Нет,,呜,口,乌,,,,,,,
Нет,,吧,口,巴,,,,,,,
Да,孔,吼,口,子,乙,,,,,,
Нет,,别,口,力,刀,,,,,,
Да,冈,岗,山,冂,乂,,,,,,
Да,长,帐,巾,长,,,,,,,
Нет,,财,贝,才,,,,,,,
Да,十,针,钅,十,,,,,,,
Да,丁,钉,钅,丁,,,,,,,
Нет,,告,牛,口,,,,,,,
Нет,,我,扌,戈,,,,,,,
Нет,,乱,舌,乙,,,,,,,
Нет,,利,禾,刀,,,,,,,
Нет,,秃,禾,几,,,,,,,
Нет,,秀,禾,乃,,,,,,,
Нет,,私,禾,厶,,,,,,,
Нет,,每,𠂉,母,,,,,,,
Нет,,兵,丘,八,,,,,,,
Да,古,估,人,十,口,,,,,,
Да,本,体,人,本,,,,,,,
Нет,,何,人,丁,口,,,,,,
Да,旦,但,人,日,一,,,,,,
Да,申,伸,人,申,,,,,,,
Нет,,作,人,乍,,,,,,,
Да,白,伯,人,白,,,,,,,
Нет,,伶,人,人,一,卩,,,,,
Да,用,佣,人,用,,,,,,,
Нет,,低,人,氏,丶,,,,,,
Нет,,你,人,刀,小,,,,,,
Нет,,住,人,主,,,,,,,
Да,立,位,人,立,,,,,,,
Да,半,伴,人,半,,,,,,,
Нет,,身,丶,且,丿,,,,,,
Нет,,皂,白,七,,,,,,,
Нет,,佛,人,弗,,,,,,,
Нет,,近,辶,斤,,,,,,,
Нет,,彻,彳,七,刀,,,,,,
Нет,,役,彳,殳,,,,,,,
Нет,,返,辶,厂,又,,,,,,
Да,余,余,人,于,八,,,,,,
Нет,,希,乂,一,丿,巾,,,,,
Нет,,坐,人,人,土,,,,,,
Нет,,谷,八,人,口,,,,,,
Нет,,妥,爪,女,,,,,,,
Да,今,含,今,口,,,,,,,
Нет,,邻,人,一,卩,阝,,,,,
Нет,,岔,八,刀,山,,,,,,
Да,干,肝,月,干,,,,,,,
Да,土,肚,月,土,,,,,,,
Да,昜,肠,月,𠃓,,,,,,,
Нет,,龟,刀,电,,,,,,,
Нет,,免,免,,,,,,,,
Да,王,狂,犭,王,,,,,,,
Нет,,犹,犭,尤,,,,,,,
Нет,,角,角,,,,,,,,
Нет,,删,册,刀,,,,,,,
Нет,,条,夕,木,,,,,,,
Нет,,卵,卯,丶,丶,,,,,,
Нет,,岛,{⿱丿⿴#(-𠃌㇉)丶},山,,,,,,,
Нет,,迎,辶,卬,,,,,,,
Нет,,饭,饣,厂,又,,,,,,
Нет,,饮,饣,欠,,,,,,,
Нет,,系,丿,幺,小,,,,,,
Нет,,言,二,二,口,,,,,,
Нет,,冻,冫,东,,,,,,,
Да,爿,状,丬,犬,,,,,,,
Нет,,亩,亠,田,,,,,,,
Да,兄,况,冫,口,儿,,,,,,
Да,爿,床,广,木,,,,,,,
Да,车,库,广,车,,,,,,,
Нет,,疗,疒,了,,,,,,,
Нет,,应,广,小,一,,,,,,
Нет,,冷,冫,人,一,卩,,,,,
Да,言,这,辶,文,,,,,,,
Да,予,序,广,予,,,,,,,
Нет,,辛,立,十,,,,,,,
Нет,,弃,亠,厶,廾,,,,,,
Нет,,冶,冫,厶,口,,,,,,
Да,亡,忘,亡,心,,,,,,,
Нет,,闲,门,木,,,,,,,
Нет,,间,门,日,,,,,,,
Да,门,闷,门,心,,,,,,,
Да,半,判,半,刀,,,,,,,
Нет,,灶,火,土,,,,,,,
Нет,,灿,火,山,,,,,,,
Нет,,弟,丷,弓,丨,丿,,,,,
Да,王,汪,氵,王,,,,,,,
Нет,,沙,氵,少,,,,,,,
Да,气,汽,氵,气,,,,,,,
Нет,,沃,氵,夭,,,,,,,
Нет,,泛,氵,丿,之,,,,,,
Нет,,沟,氵,勹,厶,,,,,,
Да,殁,没,氵,殳,,,,,,,
Да,审,沈,氵,冘,,,,,,,
Нет,,沉,氵,冖,几,,,,,,
Нет,,怀,忄,不,,,,,,,
Да,尤,忧,忄,尤,,,,,,,
Нет,,快,忄,夬,,,,,,,
Нет,,完,宀,二,儿,,,,,,
Нет,,宋,宀,木,,,,,,,
Нет,,宏,宀,一,丿,厶,,,,,
Нет,,牢,宀,牛,,,,,,,
Да,九,究,穴,九,,,,,,,
Да,弓,穷,穴,力,,,,,,,
Нет,,灾,宀,火,,,,,,,
Нет,,良,丶,艮,,,,,,,
Нет,,证,讠,正,,,,,,,
Нет,,启,户,口,,,,,,,
Нет,,评,讠,平,,,,,,,
Нет,,补,衤,卜,,,,,,,
Нет,,初,衤,刀,,,,,,,
Да,土,社,礻,土,,,,,,,
Нет,,识,讠,口,八,,,,,,
Нет,,诉,讠,斥,,,,,,,
Нет,,诊,讠,人,彡,,,,,,
Нет,,词,讠,司,,,,,,,
Нет,,译,讠,又,二,丨,,,,,
Да,尹,君,尹,口,,,,,,,
Нет,,灵,彐,火,,,,,,,
Нет,,即,{⿸𢀳丶},卩,,,,,,,
Нет,,层,尸,云,,,,,,,
Нет,,尿,尸,水,,,,,,,
Нет,,尾,尸,毛,,,,,,,
Нет,,迟,辶,尺,,,,,,,
Да,句,局,尸,𠃌,口,,,,,,
Нет,,改,己,攴,,,,,,,
Да,长,张,弓,长,,,,,,,
Да,己,忌,己,心,,,,,,,
Нет,,际,阝,示,,,,,,,
Да,六,陆,阝,击,,,,,,,
Нет,,阿,阝,丁,口,,,,,,
Нет,,陈,阝,东,,,,,,,
Нет,,阻,阝,且,,,,,,,
Нет,,附,阝,人,寸,,,,,,
Да,少,妙,女,少,,,,,,,
Нет,,妖,女,夭,,,,,,,
Нет,,妨,女,方,,,,,,,
Да,奴,努,女,又,力,,,,,,
Нет,,忍,刃,心,,,,,,,
Нет,,劲,又,土,力,,,,,,
Нет,,鸡,又,鸟,,,,,,,
Нет,,驱,马,匚,乂,,,,,,
Нет,,纯,纟,屯,,,,,,,
Нет,,纱,纟,少,,,,,,,
Да,内,纳,纟,内,,,,,,,
Да,冈,纲,纟,冂,乂,,,,,,
Да,交,驳,马,乂,乂,,,,,,
Нет,,纵,纟,人,人,,,,,,
Нет,,纷,纟,八,刀,,,,,,
Нет,,纸,纟,氏,,,,,,,
Да,文,纹,纟,文,,,,,,,
Нет,,纺,纟,方,,,,,,,
Нет,,驴,马,户,,,,,,,
Нет,,纽,纟,丑,,,,,,,
Нет,,奉,𡗗,𰀁,,,,,,,
Нет,,玩,王,二,儿,,,,,,
Нет,,环,王,不,,,,,,,
Нет,,武,一,弋,止,,,,,,
Да,井,青,丰,月,,,,,,,
Нет,,责,丰,贝,,,,,,,
Да,见,现,王,见,,,,,,,
Нет,,表,丰,𧘇,,,,,,,
Нет,,规,夫,见,,,,,,,
Нет,,抹,扌,末,,,,,,,
Нет,,拢,扌,龙,,,,,,,
Нет,,拔,扌,一,丿,丶,又,,,,
Нет,,拣,扌,东,,,,,,,
Да,旦,担,扌,日,一,,,,,,
Да,旦,坦,土,日,一,,,,,,
Нет,,押,扌,甲,,,,,,,
Да,由,抽,扌,由,,,,,,,
Нет,,拐,扌,口,力,,,,,,
Нет,,拖,扌,丿,一,也,,,,,
Да,白,拍,扌,白,,,,,,,
Нет,,者,耂,日,,,,,,,
Да,丁,顶,丁,页,,,,,,,
Нет,,拆,扌,斥,,,,,,,
Да,雍,拥,扌,用,,,,,,,
Нет,,抵,扌,氏,丶,,,,,,
Да,句,拘,扌,勹,口,,,,,,
Да,埶,势,扌,丸,力,,,,,,
Да,包,抱,扌,勹,己,,,,,,
Нет,,垃,土,立,,,,,,,
Да,立,拉,扌,立,,,,,,,
Нет,,拦,扌,丷,三,,,,,,
Да,半,拌,扌,半,,,,,,,
Нет,,幸,土,丷,干,,,,,,
Нет,,招,扌,刀,口,,,,,,
Нет,,坡,土,皮,,,,,,,
Нет,,披,扌,皮,,,,,,,
Нет,,拨,扌,发,,,,,,,
Нет,,择,扌,又,二,丨,,,,,
Нет,,抬,扌,厶,口,,,,,,
Нет,,其,甘,一,八,,,,,,
Нет,,取,耳,又,,,,,,,
Да,古,苦,艹,十,口,,,,,,
Нет,,若,艹,一,丿,口,,,,,
Нет,,茂,艹,戊,,,,,,,
Нет,,苹,艹,平,,,,,,,
Нет,,苗,艹,田,,,,,,,
Нет,,英,艹,央,,,,,,,
Нет,,范,艹,氵,卩,,,,,,
Нет,,直,直,,,,,,,,
Нет,,茄,艹,力,口,,,,,,
Нет,,茎,艹,又,土,,,,,,
Нет,,茅,艹,矛,,,,,,,
Нет,,林,木,木,,,,,,,
Нет,,枝,木,十,又,,,,,,
Нет,,杯,木,不,,,,,,,
Да,巨,柜,木,巨,,,,,,,
Нет,,析,木,斤,,,,,,,
Нет,,板,木,厂,又,,,,,,
Нет,,松,木,八,厶,,,,,,
Нет,,枪,木,人,卩,,,,,,
Нет,,构,木,勹,厶,,,,,,
Нет,,杰,木,火,,,,,,,
Да,术,述,辶,术,,,,,,,
Нет,,枕,木,冘,,,,,,,
Нет,,丧,{⿻土丷},𰀠,,,,,,,
Нет,,或,口,一,戈,,,,,,
Нет,,画,一,由,凵,,,,,,
Нет,,卧,臣,卜,,,,,,,
Нет,,事,一,口,肀,,,,,,
Нет,,刺,朿,刀,,,,,,,
Нет,,枣,朿,冫,,,,,,,
Нет,,雨,一,冂,丨,丶,丶,丶,丶,,
Нет,,卖,十,乛,头,,,,,,
Да,黄,矿,石,广,,,,,,,
Нет,,码,石,马,,,,,,,
Нет,,厕,厂,贝,刀,,,,,,
Нет,,奔,大,十,廾,,,,,,
Нет,,奇,大,丁,口,,,,,,
Нет,,奋,大,田,,,,,,,
Нет,,态,太,心,,,,,,,
Нет,,欧,匚,乂,欠,,,,,,
Нет,,垄,土,龙,,,,,,,
Нет,,妻,一,肀,女,,,,,,
Нет,,轰,车,又,又,,,,,,
Нет,,顷,匕,页,,,,,,,
Нет,,转,车,专,,,,,,,
Нет,,斩,车,斤,,,,,,,
Нет,,轮,车,仑,,,,,,,
Нет,,软,车,欠,,,,,,,
Нет,,到,至,刀,,,,,,,
Нет,,非,三,丿,丨,三,,,,,
Нет,,叔,上,小,又,,,,,,
Нет,,肯,止,月,,,,,,,
Да,止,齿,止,人,凵,,,,,,
Нет,,些,止,匕,二,,,,,,
Нет,,虎,虍,儿,,,,,,,
Нет,,虏,虍,力,,,,,,,
Да,臣,肾,丨,丨,又,月,,,,,
Да,臣,贤,丨,丨,又,贝,,,,,
Нет,,尚,小,冂,口,,,,,,
Да,王,旺,日,王,,,,,,,
Нет,,具,目,一,八,,,,,,
Нет,,果,日,木,,,,,,,
Нет,,味,口,未,,,,,,,
Нет,,昆,日,匕,匕,,,,,,
Нет,,国,囗,玉,,,,,,,
Нет,,昌,日,曰,,,,,,,
Да,昜,畅,申,𠃓,,,,,,,
Нет,,明,日,月,,,,,,,
Нет,,易,日,勿,,,,,,,
Нет,,昂,日,卬,,,,,,,
Нет,,典,曲,八,,,,,,,
Да,古,固,囗,十,口,,,,,,
Да,中,忠,中,心,,,,,,,
Нет,,咐,口,人,寸,,,,,,
Нет,,呼,口,乎,,,,,,,
Нет,,鸣,口,鸟,,,,,,,
Да,永,咏,口,永,,,,,,,
Нет,,呢,口,尸,匕,,,,,,
Да,干,岸,山,厂,干,,,,,,
Нет,,岩,山,石,,,,,,,
Нет,,帖,巾,卜,口,,,,,,
Нет,,罗,罒,夕,,,,,,,
Нет,,帜,巾,口,八,,,,,,
Нет,,岭,山,人,一,卩,,,,,
Нет,,凯,山,己,几,,,,,,
Да,贝,败,贝,攴,,,,,,,
Нет,,贩,贝,厂,又,,,,,,
Нет,,购,贝,勹,厶,,,,,,
Нет,,图,囗,夂,冫,,,,,,
Нет,,钓,钅,勺,,,,,,,
Нет,,制,丿,二,巾,刀,,,,,
Нет,,知,矢,口,,,,,,,
Нет,,垂,丿,二,土,丨,丨,,,,
Нет,,牧,牛,攴,,,,,,,
Да,勿,物,牛,勿,,,,,,,
Нет,,乖,千,{⿰二丨},匕,,,,,,
Нет,,刮,舌,刀,,,,,,,
Да,干,秆,禾,干,,,,,,,
Нет,,和,禾,口,,,,,,,
Нет,,季,禾,子,,,,,,,
Нет,,委,禾,女,,,,,,,
Нет,,佳,人,土,土,,,,,,
Да,寺,侍,人,土,寸,,,,,,
Да,共,供,人,井,八,,,,,,
Нет,,使,人,吏,,,,,,,
Да,列,例,人,歹,刀,,,,,,
Нет,,版,片,厂,又,,,,,,
Да,至,侄,人,至,,,,,,,
Да,鼎,侦,人,卜,贝,,,,,,
Нет,,侧,人,贝,刀,,,,,,
Нет,,凭,人,壬,几,,,,,,
Нет,,侨,人,夭,丿,丨,,,,,
Нет,,佩,人,几,丿,巾,,,,,
Да,化,货,人,匕,贝,,,,,,
Да,衣,依,人,衣,,,,,,,
Нет,,的,白,勺,,,,,,,
Да,白,迫,辶,白,,,,,,,
Нет,,质,厂,十,贝,,,,,,
Нет,,欣,斤,欠,,,,,,,
Да,丁,征,彳,正,,,,,,,
Да,王,往,彳,主,,,,,,,
Нет,,爬,爪,巴,,,,,,,
Нет,,彼,彳,皮,,,,,,,
Нет,,径,彳,又,土,,,,,,
Нет,,所,户,斤,,,,,,,
Да,余,舍,人,舌,,,,,,,
Нет,,金,人,王,丷,,,,,,
Нет,,命,人,一,口,卩,,,,,
Нет,,斧,父,斤,,,,,,,
Нет,,爸,父,巴,,,,,,,
Нет,,采,爪,木,,,,,,,
Нет,,受,爪,冖,又,,,,,,
Нет,,乳,爪,子,乙,,,,,,
Да,今,贪,今,贝,,,,,,,
Нет,,念,今,心,,,,,,,
Нет,,贫,八,刀,贝,,,,,,
Нет,,肤,月,夫,,,,,,,
Нет,,肺,月,巿,,,,,,,
Нет,,肢,月,十,又,,,,,,
Нет,,肿,月,中,,,,,,,
Да,长,胀,月,长,,,,,,,
Нет,,朋,月,月,,,,,,,
Да,夃,股,月,殳,,,,,,,
Да,妃,肥,月,巴,,,,,,,
Нет,,服,月,卩,又,,,,,,
Нет,,胁,月,办,,,,,,,
Нет,,周,冂,土,口,,,,,,
Нет,,昏,氏,日,,,,,,,
Нет,,鱼,刀,田,一,,,,,,
Нет,,兔,免,丶,,,,,,,
Нет,,狐,犭,瓜,,,,,,,
Да,勿,忽,勿,心,,,,,,,
Да,句,狗,犭,勹,口,,,,,,
Нет,,备,夂,田,,,,,,,
Нет,,饰,饣,丿,一,巾,,,,,
Да,包,饱,饣,勹,己,,,,,,
Нет,,饲,饣,司,,,,,,,
Нет,,变,亦,又,,,,,,,
Нет,,京,亠,口,小,,,,,,
Нет,,享,亠,口,子,,,,,,
Нет,,店,广,卜,口,,,,,,
Да,亦,夜,亠,人,夕,丶,,,,,
Нет,,庙,广,由,,,,,,,
Нет,,府,广,人,寸,,,,,,
Нет,,底,广,氏,丶,,,,,,
Нет,,剂,文,丿,丨,刀,,,,,
Да,交,郊,亠,父,阝,,,,,,
Нет,,废,广,发,,,,,,,
Да,争,净,冫,争,,,,,,,
Да,亡,盲,目,亡,,,,,,,
Нет,,放,方,攴,,,,,,,
Нет,,刻,亥,刀,,,,,,,
Нет,,育,亠,厶,月,,,,,,
Нет,,闸,门,甲,,,,,,,
Нет,,闹,门,亠,巾,,,,,,
Нет,,郑,丷,天,阝,,,,,,
Нет,,券,丷,夫,刀,,,,,,
Нет,,卷,夫,八,卩,,,,,,
Нет,,单,丷,甲,一,,,,,,
Да,少,炒,火,少,,,,,,,
Нет,,炊,火,欠,,,,,,,
Нет,,炕,火,亠,几,,,,,,
Нет,,炎,火,火,,,,,,,
Нет,,炉,火,户,,,,,,,
Нет,,沫,氵,末,,,,,,,
Нет,,浅,氵,戋,,,,,,,
Нет,,法,氵,去,,,,,,,
Да,世,泄,氵,世,,,,,,,
Нет,,河,氵,丁,口,,,,,,
Нет,,沾,氵,卜,口,,,,,,
Нет,,泪,氵,目,,,,,,,
Да,由,油,氵,由,,,,,,,
Да,白,泊,氵,白,,,,,,,
Нет,,沿,氵,八,口,,,,,,
Да,包,泡,氵,勹,己,,,,,,
Нет,,注,氵,主,,,,,,,
Нет,,泻,氵,冖,与,,,,,,
Да,永,泳,氵,永,,,,,,,
Нет,,泥,氵,尸,匕,,,,,,
Нет,,沸,氵,弗,,,,,,,
Нет,,波,氵,皮,,,,,,,
Нет,,泼,氵,发,,,,,,,
Нет,,泽,氵,又,二,丨,,,,,
Нет,,治,氵,厶,口,,,,,,
Нет,,怖,忄,一,丿,巾,,,,,
Да,生,性,忄,生,,,,,,,
Да,白,怕,忄,白,,,,,,,
Нет,,怜,忄,人,一,卩,,,,,
Да,圣,怪,忄,又,土,,,,,,
Да,学,学,小,冖,子,,,,,,
Да,缶,宝,宀,玉,,,,,,,
Нет,,宗,宀,示,,,,,,,
Да,丁,定,宀,乛,卜,人,,,,,
Нет,,宜,宀,且,,,,,,,
Нет,,审,宀,申,,,,,,,
Да,由,宙,宀,由,,,,,,,
Нет,,官,宀,㠯,,,,,,,
Да,工,空,穴,工,,,,,,,
Да,帘,帘,穴,巾,,,,,,,
Нет,,实,宀,头,,,,,,,
Нет,,试,讠,弋,工,,,,,,
Да,良,郎,丶,{⿸𢀳丶},阝,,,,,,
Да,寺,诗,讠,土,寸,,,,,,
Нет,,肩,户,月,,,,,,,
Нет,,房,户,方,,,,,,,
Да,成,诚,讠,戊,𠃌,,,,,,
Нет,,衬,衤,寸,,,,,,,
Да,彡,衫,衤,彡,,,,,,,
Нет,,视,礻,见,,,,,,,
Нет,,话,讠,舌,,,,,,,
Нет,,诞,讠,廴,𠂛,,,,,,
Нет,,询,讠,勹,日,,,,,,
Нет,,该,讠,亥,,,,,,,
Нет,,详,讠,羊,,,,,,,
Нет,,建,廴,聿,,,,,,,
Нет,,肃,肀,八,丿,丨,,,,,
Нет,,录,彐,氺,,,,,,,
Да,隶,隶,隶,,,,,,,,
Да,古,居,尸,十,口,,,,,,
Нет,,届,尸,由,,,,,,,
Нет,,刷,尸,巾,刀,,,,,,
Да,出,屈,尸,出,,,,,,,
Нет,,弦,弓,亠,幺,,,,,,
Нет,,承,承,,,,,,,,
Нет,,孟,子,皿,,,,,,,
Нет,,孤,子,瓜,,,,,,,
Нет,,陕,阝,夹,,,,,,,
Нет,,降,阝,夂,㐄,,,,,,
Нет,,限,阝,艮,,,,,,,
Нет,,妹,女,未,,,,,,,
Да,古,姑,女,十,口,,,,,,
Нет,,姐,女,且,,,,,,,
Да,生,姓,女,生,,,,,,,
Нет,,始,女,厶,口,,,,,,
Нет,,驾,力,口,马,,,,,,
Нет,,参,厶,大,彡,,,,,,
Нет,,艰,又,艮,,,,,,,
Нет,,线,纟,戋,,,,,,,
Нет,,练,纟,东,,,,,,,
Нет,,组,纟,且,,,,,,,
Нет,,细,纟,田,,,,,,,
Нет,,驶,马,史,,,,,,,
Нет,,织,纟,口,八,,,,,,
Да,冬,终,纟,夂,冫,,,,,,
Нет,,驻,马,主,,,,,,,
Нет,,驼,马,宀,匕,,,,,,
Нет,,绍,纟,刀,口,,,,,,
Нет,,经,纟,又,土,,,,,,
Нет,,贯,毌,贝,,,,,,,
Нет,,奏,𡗗,天,,,,,,,
Нет,,春,𡗗,日,,,,,,,
Нет,,帮,丰,阝,巾,,,,,,
Нет,,珍,王,人,彡,,,,,,
Нет,,玻,王,皮,,,,,,,
Нет,,毒,丰,母,,,,,,,
Да,耕,型,开,刀,土,,,,,,
Нет,,挂,扌,土,土,,,,,,
Нет,,封,土,土,寸,,,,,,
Да,寺,持,扌,土,寸,,,,,,
Да,工,项,工,页,,,,,,,
Нет,,垮,土,大,一,丂,,,,,
Нет,,挎,扌,大,一,丂,,,,,
Да,成,城,土,戊,𠃌,,,,,,
Нет,,挠,扌,𭠍,兀,,,,,,
Да,正,政,正,攴,,,,,,,
Нет,,赴,十,乛,卜,人,卜,,,,
Да,小,赵,十,乛,卜,人,乂,,,,
Нет,,挡,扌,小,彐,,,,,,
Нет,,挺,扌,廴,壬,,,,,,
Нет,,括,扌,舌,,,,,,,
Да,全,拴,扌,人,王,,,,,,
Да,合,拾,扌,人,一,口,,,,,
Нет,,挑,扌,兆,,,,,,,
Нет,,指,扌,匕,日,,,,,,
Нет,,垫,扌,丸,土,,,,,,
Нет,,挣,扌,争,,,,,,,
Нет,,挤,扌,文,丿,丨,,,,,
Нет,,拼,扌,丷,开,,,,,,
Нет,,挖,扌,穴,乙,,,,,,
Нет,,按,扌,宀,女,,,,,,
Нет,,挥,扌,冖,车,,,,,,
Нет,,挪,扌,月,阝,,,,,,
Нет,,某,甘,木,,,,,,,
Нет,,甚,其,乚,,,,,,,
Нет,,革,廿,口,十,,,,,,
Да,存,荐,艹,一,人,子,,,,,
Да,共,巷,井,八,己,,,,,,
Нет,,带,卅,冖,巾,,,,,,
Да,早,草,艹,日,十,,,,,,
Нет,,茧,艹,虫,,,,,,,
Да,余,茶,艹,人,一,小,,,,,
Да,巟,荒,艹,亡,川,,,,,,
Да,亡,茫,艹,氵,亡,,,,,,
Да,昜,荡,艹,氵,𠃓,,,,,,
Нет,,荣,艹,冖,木,,,,,,
Да,古,故,十,口,攴,,,,,,
Да,古,胡,十,口,月,,,,,,
Нет,,南,十,冂,丫,二,,,,,
Нет,,药,艹,纟,勺,,,,,,
Нет,,标,木,示,,,,,,,
Да,古,枯,木,十,口,,,,,,
Нет,,柄,木,丙,,,,,,,
Нет,,栋,木,东,,,,,,,
Нет,,相,木,目,,,,,,,
Нет,,查,木,日,一,,,,,,
Да,白,柏,木,白,,,,,,,
Нет,,柳,木,卯,,,,,,,
Нет,,柱,木,主,,,,,,,
Нет,,柿,木,亠,巾,,,,,,
Нет,,栏,木,丷,三,,,,,,
Нет,,树,木,又,寸,,,,,,
Нет,,要,西,女,,,,,,,
Нет,,咸,戊,一,口,,,,,,
Нет,,威,戊,一,女,,,,,,
Нет,,歪,不,正,,,,,,,
Да,开,研,石,开,,,,,,,
Нет,,砖,石,专,,,,,,,
Да,里,厘,厂,里,,,,,,,
Нет,,厚,厂,日,子,,,,,,
Да,七,砌,石,七,刀,,,,,,
Нет,,砍,石,欠,,,,,,,
Да,丏,面,一,丶,囗,丨,丨,一,一,,
Нет,,耐,而,寸,,,,,,,
Нет,,耍,而,女,,,,,,,
Нет,,牵,大,冖,牛,,,,,,
Нет,,残,歹,戋,,,,,,,
Нет,,殃,歹,央,,,,,,,
Нет,,轻,车,又,土,,,,,,
Нет,,鸦,牙,鸟,,,,,,,
Нет,,皆,匕,匕,白,,,,,,
Нет,,背,{⿰二丨},匕,月,,,,,,
Нет,,战,卜,口,戈,,,,,,
Нет,,点,卜,口,火,,,,,,
Да,品,临,丨,丨,丿,一,丶,口,丨,,
Да,监,览,丨,丨,丿,一,丶,见,,,
Нет,,竖,刂,又,立,,,,,,
Да,生,省,少,目,,,,,,,
Да,肖,削,小,月,刀,,,,,,
Нет,,尝,小,冖,云,,,,,,
Нет,,是,日,乛,卜,人,,,,,
Нет,,盼,目,八,刀,,,,,,
Нет,,眨,目,丿,之,,,,,,
Да,共,哄,口,井,八,,,,,,
Нет,,显,日,业,,,,,,,
Нет,,哑,口,亚,,,,,,,
Нет,,冒,冃,目,,,,,,,
Нет,,映,日,央,,,,,,,
Да,生,星,生,日,,,,,,,
Нет,,昨,日,乍,,,,,,,
Нет,,畏,田,一,𰀠,,,,,,
Нет,,趴,口,卜,人,八,,,,,
Нет,,胃,田,月,,,,,,,
Да,贵,贵,中,一,贝,,,,,,
Да,介,界,田,人,丿,丨,,,,,
Да,工,虹,虫,工,,,,,,,
Нет,,虾,虫,下,,,,,,,
Да,我,蚁,虫,义,,,,,,,
Нет,,思,田,心,,,,,,,
Нет,,蚂,虫,马,,,,,,,
Нет,,虽,口,虫,,,,,,,
Нет,,品,口,口,口,,,,,,
Нет,,咽,口,囗,大,,,,,,
Нет,,骂,口,口,马,,,,,,
Да,华,哗,口,人,匕,十,,,,,
Нет,,咱,口,自,,,,,,,
Нет,,响,向,口,,,,,,,
Да,合,哈,口,人,一,口,,,,,
Да,交,咬,口,亠,父,,,,,,
Нет,,咳,口,亥,,,,,,,
Нет,,哪,口,月,阝,,,,,,
Нет,,炭,山,厂,火,,,,,,
Нет,,峡,山,夹,,,,,,,
Нет,,罚,罒,讠,刂,,,,,,
Нет,,贱,贝,戋,,,,,,,
Нет,,贴,贝,卜,口,,,,,,
Нет,,骨,冎,月,,,,,,,
Да,少,钞,钅,少,,,,,,,
Нет,,钟,钅,中,,,,,,,
Да,冈,钢,钅,冂,乂,,,,,,
Да,龠,钥,钅,月,,,,,,,
Да,句,钩,钅,勹,厶,,,,,,
Да,午,卸,𦈢,卩,,,,,,,
Да,工,缸,缶,工,,,,,,,
Нет,,拜,手,{⿱一丰},,,,,,,
Нет,,看,手,目,,,,,,,
Нет,,矩,矢,巨,,,,,,,
Нет,,怎,乍,心,,,,,,,
Да,生,牲,牛,生,,,,,,,
Нет,,选,辶,丿,土,儿,,,,,
Нет,,适,辶,舌,,,,,,,
Да,少,秒,禾,少,,,,,,,
Нет,,香,禾,日,,,,,,,
Да,中,种,禾,中,,,,,,,
Да,秋,秋,禾,火,,,,,,,
Нет,,科,禾,斗,,,,,,,
Нет,,重,丿,一,里,,,,,,
Нет,,复,丿,一,日,夕,,,,,
Да,干,竿,竹,干,,,,,,,
Нет,,段,丿,丰,殳,,,,,,
Нет,,便,人,更,,,,,,,
Нет,,俩,人,两,,,,,,,
Нет,,贷,人,弋,贝,,,,,,
Да,川,顺,川,页,,,,,,,
Нет,,修,亻,丨,夂,彡,,,,,
Нет,,保,人,口,木,,,,,,
Да,足,促,人,口,卜,人,,,,,
Нет,,侮,人,𠂉,母,,,,,,
Да,佥,俭,人,人,一,小,一,,,,
Нет,,俗,人,谷,,,,,,,
Да,孚,俘,人,爪,子,,,,,,
Да,人,信,人,言,,,,,,,
Нет,,皇,白,王,,,,,,,
Нет,,泉,白,水,,,,,,,
Нет,,鬼,鬼,,,,,,,,
Нет,,侵,人,彐,冖,又,,,,,
Нет,,追,辶,户,乛,一,,,,,
Да,夋,俊,人,厶,八,夂,,,,,
Нет,,盾,厂,十,目,,,,,,
Да,寺,待,彳,土,寸,,,,,,
Да,聿,律,彳,聿,,,,,,,
Нет,,很,彳,艮,,,,,,,
Да,须,须,彡,页,,,,,,,
Да,余,叙,人,于,八,又,,,,,
Да,佥,剑,人,一,小,一,刀,,,,
Нет,,逃,辶,兆,,,,,,,
Нет,,食,人,丶,艮,,,,,,
Нет,,盆,八,刀,皿,,,,,,
Да,旦,胆,月,日,一,,,,,,
Да,生,胜,月,生,,,,,,,
Да,包,胞,月,勹,己,,,,,,
Да,半,胖,月,半,,,,,,,
Нет,,脉,月,永,,,,,,,
Нет,,勉,免,力,,,,,,,
Нет,,狭,犭,夹,,,,,,,
Нет,,狮,犭,丨,丿,丿,巾,,,,
Нет,,独,犭,虫,,,,,,,
Да,交,狡,犭,亠,父,,,,,,
Нет,,狱,犭,讠,犬,,,,,,
Нет,,狠,犭,艮,,,,,,,
Нет,,贸,卯,贝,,,,,,,
Нет,,怨,夕,卩,心,,,,,,
Да,及,急,刀,彐,心,,,,,,
Нет,,饶,饣,𭠍,兀,,,,,,
Нет,,蚀,饣,虫,,,,,,,
Нет,,饺,饣,亠,父,,,,,,
Нет,,饼,饣,丷,开,,,,,,
Нет,,弯,亦,弓,,,,,,,
Да,爿,将,丬,夕,寸,,,,,,
Да,将,奖,丬,夕,大,,,,,,
Да,衣,哀,衣,口,,,,,,,
Да,丁,亭,亠,口,冖,丁,,,,,
Да,京,亮,亠,口,冖,儿,,,,,
Да,石,度,广,廿,又,,,,,,
Нет,,迹,辶,亦,,,,,,,
Нет,,庭,广,廴,壬,,,,,,
Нет,,疮,疒,人,卩,,,,,,
Нет,,疯,疒,风,,,,,,,
Нет,,疫,疒,殳,,,,,,,
Нет,,疤,疒,巴,,,,,,,
Нет,,姿,冫,欠,女,,,,,,
Нет,,亲,立,木,,,,,,,
Нет,,音,立,日,,,,,,,
Нет,,帝,亠,丷,冖,巾,,,,,
Нет,,施,方,丿,一,也,,,,,
Да,门,闻,门,耳,,,,,,,
Нет,,阀,门,人,戈,,,,,,
Да,各,阁,门,夂,口,,,,,,
Да,左,差,羊,工,,,,,,,
Нет,,养,{⿱䒑夫},{⿰丿丨},,,,,,,
Нет,,美,羊,大,,,,,,,
Да,畺,姜,羊,女,,,,,,,
Нет,,叛,半,厂,又,,,,,,
Нет,,送,辶,丷,天,,,,,,
Нет,,类,米,大,,,,,,,
Да,米,迷,辶,米,,,,,,,
Нет,,前,丷,一,月,刂,,,,,
Нет,,首,丷,一,丶,目,,,,,
Нет,,逆,辶,屰,,,,,,,
Нет,,总,丷,口,心,,,,,,
Нет,,炼,火,东,,,,,,,
Нет,,炸,火,乍,,,,,,,
Да,包,炮,火,勹,己,,,,,,
Нет,,烂,火,丷,三,,,,,,
Нет,,剃,弟,刀,,,,,,,
Да,吉,洁,氵,士,口,,,,,,
Да,共,洪,氵,井,八,,,,,,
Нет,,洒,氵,西,,,,,,,
Нет,,浇,氵,𭠍,兀,,,,,,
Нет,,浊,氵,虫,,,,,,,
Да,同,洞,氵,冂,一,口,,,,,
Нет,,测,氵,贝,刀,,,,,,
Да,先,洗,氵,丿,土,儿,,,,,
Нет,,活,氵,舌,,,,,,,
Нет,,派,氵,厂,氏,,,,,,
Да,合,洽,氵,人,一,口,,,,,
Нет,,染,氵,九,木,,,,,,
Нет,,济,氵,文,丿,丨,,,,,
Нет,,洋,氵,羊,,,,,,,
Да,州,洲,氵,州,,,,,,,
Нет,,浑,氵,冖,车,,,,,,
Нет,,浓,氵,农,,,,,,,
Нет,,津,氵,聿,,,,,,,
Нет,,恒,忄,二,日,,,,,,
Да,灰,恢,忄,厂,火,,,,,,
Да,合,恰,忄,人,一,口,,,,,
Нет,,恼,忄,亠,乂,凵,,,,,
Нет,,恨,忄,艮,,,,,,,
Нет,,举,丷,六,二,丨,,,,,
Да,学,觉,小,冖,见,,,,,,
Нет,,宣,宀,二,日,,,,,,
Да,至,室,宀,至,,,,,,,
Да,宫,宫,宀,口,口,,,,,,
Нет,,宪,宀,丿,土,儿,,,,,
Нет,,突,穴,犬,,,,,,,
Нет,,穿,穴,牙,,,,,,,
Да,禼,窃,穴,七,刀,,,,,,
Да,各,客,宀,夂,口,,,,,,
Нет,,冠,冖,二,儿,寸,,,,,
Да,吾,语,讠,五,口,,,,,,
Нет,,扁,户,𠕁,,,,,,,
Нет,,袄,衤,夭,,,,,,,
Нет,,祖,礻,且,,,,,,,
Да,申,神,礻,申,,,,,,,
Нет,,祝,礻,口,儿,,,,,,
Да,吴,误,讠,口,天,,,,,,
Нет,,诱,讠,禾,乃,,,,,,
Нет,,说,讠,丷,口,儿,,,,,
Да,甬,诵,讠,龴,用,,,,,,
Нет,,垦,艮,土,,,,,,,
Да,退,退,辶,艮,,,,,,,
Нет,,既,{⿸𢀳丶},旡,,,,,,,
Нет,,屋,尸,至,,,,,,,
Нет,,昼,尺,日,一,,,,,,
Нет,,费,弗,贝,,,,,,,
Да,斗,陡,阝,十,乛,卜,人,,,,
Нет,,眉,尸,丶,目,,,,,,
Нет,,孩,子,亥,,,,,,,
Да,余,除,阝,人,于,八,,,,,
Да,佥,险,阝,人,一,小,一,,,,
Нет,,院,阝,宀,二,儿,,,,,
Нет,,娃,女,土,土,,,,,,
Нет,,姥,女,老,,,,,,,
Нет,,姨,女,夷,,,,,,,
Нет,,姻,女,囗,大,,,,,,
Нет,,娇,女,夭,丿,丨,,,,,
Да,奴,怒,女,又,心,,,,,,
Нет,,架,力,口,木,,,,,,
Нет,,贺,力,口,贝,,,,,,
Нет,,盈,乃,又,皿,,,,,,
Да,甬,勇,龴,用,力,,,,,,
Нет,,怠,厶,口,心,,,,,,
Нет,,柔,矛,木,,,,,,,
Нет,,垒,厶,厶,厶,土,,,,,
Нет,,绑,纟,丰,阝,,,,,,
Нет,,绒,纟,十,戈,,,,,,
Да,吉,结,纟,士,口,,,,,,
Нет,,绕,纟,𭠍,兀,,,,,,
Нет,,骄,马,夭,丿,丨,,,,,
Нет,,绘,纟,人,云,,,,,,
Да,合,给,纟,人,一,口,,,,,
Да,各,络,纟,夂,口,,,,,,
Да,各,骆,马,夂,口,,,,,,
Нет,,绝,纟,色,,,,,,,
Да,交,绞,纟,亠,父,,,,,,
Да,充,统,纟,亠,厶,儿,,,,,
Да,耕,耕,耒,井,,,,,,,
Нет,,耗,耒,毛,,,,,,,
Нет,,艳,丰,色,,,,,,,
Да,大,泰,龹,水,,,,,,,
Да,朱,珠,王,朱,,,,,,,
Нет,,班,王,刂,王,,,,,,
Нет,,素,丰,糸,,,,,,,
Да,天,蚕,天,虫,,,,,,,
Нет,,顽,二,儿,页,,,,,,
Нет,,盏,戋,皿,,,,,,,
Нет,,匪,匚,非,,,,,,,
Да,劳,捞,扌,艹,冖,力,,,,,
Нет,,栽,十,戈,木,,,,,,
Нет,,捕,扌,甫,,,,,,,
Нет,,振,扌,辰,,,,,,,
Нет,,载,十,戈,车,,,,,,
Да,干,赶,十,乛,卜,人,干,,,,
Да,己,起,十,乛,卜,人,己,,,,
Да,监,盐,土,卜,皿,,,,,,
Да,肖,捎,扌,小,月,,,,,,
Да,日,捏,扌,日,土,,,,,,
Да,里,埋,土,里,,,,,,,
Да,足,捉,扌,口,卜,人,,,,,
Нет,,捆,扌,囗,木,,,,,,
Нет,,捐,扌,口,月,,,,,,
Да,员,损,扌,口,贝,,,,,,
Да,者,都,耂,日,阝,,,,,,
Нет,,哲,扌,斤,口,,,,,,
Нет,,逝,辶,扌,斤,,,,,,
Да,佥,捡,扌,人,一,小,一,,,,
Нет,,换,扌,奂,,,,,,,
Нет,,挽,扌,免,,,,,,,
Да,埶,热,扌,丸,火,,,,,,
Да,巩,恐,工,凡,心,,,,,,
Нет,,壶,士,冖,业,,,,,,
Нет,,挨,扌,厶,矢,,,,,,
Да,耳,耻,耳,止,,,,,,,
Нет,,耽,耳,冘,,,,,,,
Да,共,恭,井,八,心,,,,,,
Да,连,莲,艹,辶,车,,,,,,
Нет,,莫,艹,日,大,,,,,,
Нет,,荷,艹,人,丁,口,,,,,
Нет,,获,艹,犭,犬,,,,,,
Нет,,晋,亚,日,,,,,,,
Нет,,恶,亚,心,,,,,,,
Нет,,真,直,八,,,,,,,
Да,匡,框,木,匚,王,,,,,,
Нет,,桂,木,土,土,,,,,,
Нет,,档,木,小,彐,,,,,,
Да,同,桐,木,冂,一,口,,,,,
Да,朱,株,木,朱,,,,,,,
Нет,,桥,木,夭,丿,丨,,,,,
Нет,,桃,木,兆,,,,,,,
Да,各,格,木,夂,口,,,,,,
Да,交,校,木,亠,父,,,,,,
Нет,,核,木,亥,,,,,,,
Нет,,样,木,羊,,,,,,,
Нет,,根,木,艮,,,,,,,
Нет,,索,十,冖,糸,,,,,,
Нет,,哥,丁,口,丁,口,,,,,
Нет,,速,辶,束,,,,,,,
Нет,,逗,辶,豆,,,,,,,
Нет,,栗,西,木,,,,,,,
Да,妃,配,酉,己,,,,,,,
Нет,,翅,十,又,习,习,,,,,
Нет,,辱,辰,寸,,,,,,,
Нет,,唇,口,辰,,,,,,,
Нет,,夏,一,自,夕,,,,,,
Нет,,础,石,出,,,,,,,
Нет,,破,石,皮,,,,,,,
Нет,,原,厂,白,小,,,,,,
Нет,,套,大,镸,,,,,,,
Нет,,逐,辶,豕,,,,,,,
Да,列,烈,歹,刀,火,,,,,,
Да,朱,殊,歹,朱,,,,,,,
Да,户,顾,厂,卩,页,,,,,,
Нет,,轿,车,夭,丿,丨,,,,,
Да,交,较,车,亠,父,,,,,,
Нет,,顿,屯,页,,,,,,,
Нет,,毙,匕,匕,歹,匕,,,,,
Да,至,致,至,攴,,,,,,,
Нет,,柴,止,匕,木,,,,,,
Нет,,桌,木,卜,日,,,,,,
Нет,,虑,虍,心,,,,,,,
Нет,,监,丨,丨,丿,一,丶,皿,,,
Да,臣,紧,丨,丨,又,糸,,,,,
Нет,,党,小,冂,口,儿,,,,,
Нет,,晒,日,西,,,,,,,
Нет,,眠,目,民,,,,,,,
Нет,,晓,日,𭠍,兀,,,,,,
Нет,,鸭,甲,鸟,,,,,,,
Да,光,晃,日,小,兀,,,,,,
Нет,,晌,日,向,,,,,,,
Нет,,晕,日,冖,车,,,,,,
Да,文,蚊,虫,文,,,,,,,
Да,肖,哨,口,小,月,,,,,,
Нет,,哭,口,口,犬,,,,,,
Нет,,恩,囗,大,心,,,,,,
Нет,,唤,口,奂,,,,,,,
Нет,,啊,口,阝,丁,口,,,,,
Нет,,唉,口,厶,矢,,,,,,
Нет,,罢,罒,去,,,,,,,
Нет,,峰,山,夂,丰,,,,,,
Да,员,圆,囗,口,贝,,,,,,
Нет,,贼,贝,十,戈,,,,,,
Да,有,贿,贝,一,丿,月,,,,,
Нет,,钱,钅,戋,,,,,,,
Нет,,钳,钅,甘,,,,,,,
Нет,,钻,钅,卜,口,,,,,,
Нет,,铁,钅,失,,,,,,,
Нет,,铃,钅,人,一,卩,,,,,
Нет,,铅,钅,几,口,,,,,,
Нет,,缺,缶,夬,,,,,,,
Нет,,氧,气,羊,,,,,,,
Да,寺,特,牛,土,寸,,,,,,
Да,我,牺,牛,西,,,,,,,
Да,艸,造,辶,牛,口,,,,,,
Нет,,乘,禾,{⿰二丨},匕,,,,,,
Нет,,敌,舌,攴,,,,,,,
Нет,,秤,禾,平,,,,,,,
Нет,,租,禾,且,,,,,,,
Да,只,积,禾,口,八,,,,,,
Нет,,秧,禾,央,,,,,,,
Да,失,秩,禾,失,,,,,,,
Нет,,称,禾,刀,小,,,,,,
Нет,,秘,禾,必,,,,,,,
Нет,,透,辶,禾,乃,,,,,,
Нет,,笔,竹,毛,,,,,,,
Нет,,笑,竹,夭,,,,,,,
Да,尹,笋,竹,尹,,,,,,,
Нет,,债,人,丰,贝,,,,,,
Нет,,借,人,井,日,,,,,,
Да,直,值,人,直,,,,,,,
Нет,,倚,人,大,丁,口,,,,,
Да,顷,倾,人,匕,页,,,,,,
Нет,,倒,人,至,刀,,,,,,
Нет,,倘,人,小,冂,口,,,,,
Да,具,俱,人,具,,,,,,,
Нет,,倡,人,日,曰,,,,,,
Нет,,候,人,丨,乛,一,矢,,,,
Нет,,俯,人,广,人,寸,,,,,
Нет,,倍,人,立,口,,,,,,
Нет,,倦,人,夫,八,卩,,,,,
Нет,,健,人,廴,聿,,,,,,
Нет,,臭,自,犬,,,,,,,
Нет,,射,身,寸,,,,,,,
Да,弓,躬,身,弓,,,,,,,
Нет,,息,自,心,,,,,,,
Да,土,徒,彳,十,乛,卜,人,,,,
Да,余,徐,彳,人,于,八,,,,,
Да,监,舰,舟,见,,,,,,,
Нет,,舱,舟,人,卩,,,,,,
Нет,,般,舟,殳,,,,,,,
Нет,,航,舟,亠,几,,,,,,
Да,余,途,辶,人,于,八,,,,,
Нет,,拿,人,一,口,手,,,,,
Нет,,爹,父,夕,夕,,,,,,
Нет,,爱,爪,冖,一,丿,又,,,,
Нет,,颂,八,厶,页,,,,,,
Нет,,翁,八,厶,习,习,,,,,
Да,绝,脆,月,刀,厂,卩,,,,,
Нет,,脂,月,匕,日,,,,,,
Да,匈,胸,月,勹,凵,乂,,,,,
Да,各,胳,月,夂,口,,,,,,
Да,爿,脏,月,广,土,,,,,,
Да,交,胶,月,亠,父,,,,,,
Нет,,脑,月,亠,乂,凵,,,,,
Да,里,狸,犭,里,,,,,,,
Да,良,狼,犭,丶,艮,,,,,,
Нет,,逢,辶,夂,丰,,,,,,
Нет,,留,卯,田,,,,,,,
Нет,,皱,刀,彐,皮,,,,,,
Да,我,饿,饣,我,,,,,,,
Нет,,恋,亦,心,,,,,,,
Да,将,桨,丬,夕,木,,,,,,
Да,将,浆,丬,夕,水,,,,,,
Нет,,衰,衣,{⿻口一},,,,,,,
Нет,,高,亠,口,冂,口,,,,,
Да,石,席,广,廿,巾,,,,,,
Нет,,准,冫,隹,,,,,,,
Нет,,座,广,人,人,土,,,,,
Нет,,脊,月,人,二,二,,,,,
Да,正,症,疒,正,,,,,,,
Нет,,病,疒,丙,,,,,,,
Нет,,疾,疒,矢,,,,,,,
Да,冬,疼,疒,夂,冫,,,,,,
Нет,,疲,疒,皮,,,,,,,
Да,交,效,亠,父,攴,,,,,,
Нет,,离,亠,凵,乂,禸,,,,,
Да,庚,唐,广,肀,口,,,,,,
Нет,,资,冫,欠,贝,,,,,,
Да,京,凉,冫,京,,,,,,,
Нет,,站,立,卜,口,,,,,,
Нет,,剖,立,口,刀,,,,,,
Нет,,竞,立,口,儿,,,,,,
Нет,,部,立,口,阝,,,,,,
Нет,,旁,亠,丷,冖,方,,,,,
Нет,,旅,方,丿,一,氏,,,,,
Нет,,畜,亠,幺,田,,,,,,
Нет,,阅,门,丷,口,儿,,,,,
Нет,,羞,羊,丑,,,,,,,
Нет,,瓶,丷,开,瓦,,,,,,
Нет,,拳,丷,夫,手,,,,,,
Нет,,粉,米,八,刀,,,,,,
Нет,,料,米,斗,,,,,,,
Нет,,益,丷,一,八,皿,,,,,
Нет,,兼,丷,一,彐,丨,丨,八,,,
Нет,,烤,火,耂,丂,,,,,,
Да,共,烘,火,井,八,,,,,,
Нет,,烦,火,页,,,,,,,
Нет,,烧,火,𭠍,兀,,,,,,
Нет,,烛,火,虫,,,,,,,
Нет,,烟,火,囗,大,,,,,,
Нет,,递,辶,弟,,,,,,,
Нет,,涛,氵,丰,寸,,,,,,
Нет,,浙,氵,扌,斤,,,,,,
Да,劳,涝,氵,艹,冖,力,,,,,
Нет,,酒,氵,酉,,,,,,,
Нет,,涉,氵,止,小,,,,,,
Да,肖,消,氵,小,月,,,,,,
Нет,,浩,氵,牛,口,,,,,,
Нет,,海,氵,𠂉,母,,,,,,
Да,余,涂,氵,人,于,八,,,,,
Нет,,浴,氵,谷,,,,,,,
Да,孚,浮,氵,爪,子,,,,,,
Нет,,流,氵,亠,厶,川,,,,,
Да,闰,润,氵,门,王,,,,,,
Да,良,浪,氵,丶,艮,,,,,,
Нет,,浸,氵,彐,冖,又,,,,,
Да,长,涨,氵,弓,长,,,,,,
Нет,,烫,氵,𠃓,火,,,,,,
Да,甬,涌,氵,龴,用,,,,,,
Да,吾,悟,忄,五,口,,,,,,
Да,肖,悄,忄,小,月,,,,,,
Нет,,悔,忄,𠂉,母,,,,,,
Нет,,悦,忄,丷,口,儿,,,,,
Нет,,害,宀,丰,口,,,,,,
Нет,,宽,宀,艹,见,,,,,,
Нет,,家,宀,豕,,,,,,,
Да,肖,宵,宀,小,月,,,,,,
Нет,,宴,宀,日,女,,,,,,
Нет,,宾,宀,丘,八,,,,,,
Нет,,窄,穴,乍,,,,,,,
Нет,,容,宀,谷,,,,,,,
Нет,,宰,宀,辛,,,,,,,
Нет,,案,宀,女,木,,,,,,
Да,青,请,讠,丰,月,,,,,,
Да,良,朗,丶,{⿸𢀳丶},月,,,,,,
Да,者,诸,讠,耂,日,,,,,,
Да,𧶠,读,讠,十,乛,头,,,,,
Нет,,扇,户,习,习,,,,,,
Нет,,袜,衤,末,,,,,,,
Да,由,袖,衤,由,,,,,,,
Да,包,袍,衤,勹,己,,,,,,
Нет,,被,衤,皮,,,,,,,
Нет,,祥,礻,羊,,,,,,,
Нет,,课,讠,果,,,,,,,
Нет,,谁,讠,隹,,,,,,,
Да,周,调,讠,冂,土,口,,,,,
Нет,,冤,冖,免,丶,,,,,,
Да,京,谅,讠,京,,,,,,,
Нет,,谈,讠,火,火,,,,,,
Да,宜,谊,讠,宀,且,,,,,,
Нет,,剥,彐,氺,刀,,,,,,
Нет,,恳,艮,心,,,,,,,
Нет,,展,尸,龷,𰀠,,,,,,
Нет,,剧,尸,十,口,刀,,,,,
Нет,,屑,尸,小,月,,,,,,
Нет,,弱,弓,冫,弓,冫,,,,,
Нет,,陵,阝,土,八,夂,,,,,
Да,匋,陶,阝,勹,缶,,,,,,
Нет,,陷,阝,刀,臼,,,,,,
Нет,,陪,阝,立,口,,,,,,
Да,吴,娱,女,口,天,,,,,,
Да,良,娘,女,丶,艮,,,,,,
Да,甬,通,辶,龴,用,,,,,,
Нет,,能,厶,月,匕,匕,,,,,
Да,𦰩,难,又,隹,,,,,,,
Да,予,预,予,页,,,,,,,
Нет,,桑,木,又,又,又,,,,,
Нет,,绢,纟,口,月,,,,,,
Нет,,绣,纟,禾,乃,,,,,,
Да,佥,验,马,人,一,小,一,,,,
Нет,,继,纟,𠃊,米,,,,,,
Да,求,球,王,求,,,,,,,
Да,里,理,王,里,,,,,,,
Нет,,捧,扌,𡗗,𰀁,,,,,,
Да,者,堵,土,耂,日,,,,,,
Нет,,描,扌,艹,田,,,,,,
Нет,,域,土,口,一,戈,,,,,
Нет,,掩,扌,大,电,,,,,,
Нет,,捷,扌,疌,,,,,,,
Нет,,排,扌,非,,,,,,,
Нет,,掉,扌,卜,日,十,,,,,
Нет,,堆,土,隹,,,,,,,
Нет,,推,扌,隹,,,,,,,
Нет,,掀,扌,斤,欠,,,,,,
Да,受,授,扌,爪,冖,又,,,,,
Нет,,教,耂,子,攴,,,,,,
Да,匋,掏,扌,勹,缶,,,,,,
Да,京,掠,扌,京,,,,,,,
Нет,,培,土,立,口,,,,,,
Нет,,接,扌,立,女,,,,,,
Да,空,控,扌,穴,工,,,,,,
Нет,,探,扌,冖,八,木,,,,,
Да,居,据,扌,尸,十,口,,,,,
Да,屈,掘,扌,尸,出,,,,,,
Нет,,职,耳,口,八,,,,,,
Нет,,基,其,土,,,,,,,
Да,者,著,艹,耂,日,,,,,,
Да,力,勒,革,力,,,,,,,
Нет,,黄,艹,一,田,八,,,,,
Нет,,萌,艹,日,月,,,,,,
Нет,,萝,艹,罒,夕,,,,,,
Нет,,菌,艹,囗,禾,,,,,,
Нет,,菜,艹,爪,木,,,,,,
Да,匋,萄,艹,勹,缶,,,,,,
Нет,,菊,艹,勹,米,,,,,,
Нет,,萍,艹,氵,平,,,,,,
Нет,,菠,艹,氵,皮,,,,,,
Да,熒,营,艹,冖,口,口,,,,,
Да,戒,械,木,廾,戈,,,,,,
Нет,,梦,木,木,夕,,,,,,
Да,肖,梢,木,小,月,,,,,,
Нет,,梅,木,𠂉,母,,,,,,
Да,佥,检,木,人,一,小,一,,,,
Нет,,梳,木,亠,厶,川,,,,,
Нет,,梯,木,弟,,,,,,,
Да,甬,桶,木,龴,用,,,,,,
Да,求,救,求,攴,,,,,,,
Нет,,副,一,口,田,刀,,,,,
Нет,,票,西,示,,,,,,,
Нет,,戚,丿,上,小,戈,,,,,
Нет,,爽,大,乂,乂,乂,乂,,,,
Нет,,聋,龙,耳,,,,,,,
Нет,,袭,龙,衣,,,,,,,
Да,成,盛,戊,𠃌,皿,,,,,,
Нет,,雪,雨,彐,,,,,,,
Нет,,辅,车,甫,,,,,,,
Нет,,辆,车,两,,,,,,,
Нет,,虚,虍,业,,,,,,,
Да,小,雀,小,隹,,,,,,,
Нет,,堂,小,冂,口,土,,,,,
Нет,,常,小,冂,口,巾,,,,,
Нет,,匙,日,乛,卜,人,匕,,,,
Нет,,晨,日,辰,,,,,,,
Да,争,睁,目,争,,,,,,,
Да,米,眯,目,米,,,,,,,
Нет,,眼,目,艮,,,,,,,
Нет,,悬,且,厶,心,,,,,,
Да,予,野,里,予,,,,,,,
Нет,,啦,口,扌,立,,,,,,
Нет,,晚,日,免,,,,,,,
Нет,,啄,口,豖,,,,,,,
Да,巨,距,口,卜,人,巨,,,,,
Да,夭,跃,口,卜,人,夭,,,,,
Да,各,略,田,夂,口,,,,,,
Нет,,蛇,虫,宀,匕,,,,,,
Нет,,累,田,糸,,,,,,,
Нет,,唱,口,日,曰,,,,,,
Да,串,患,串,心,,,,,,,
Нет,,唯,口,隹,,,,,,,
Нет,,崖,山,厂,土,土,,,,,
Нет,,崭,山,车,斤,,,,,,
Нет,,崇,山,宀,示,,,,,,
Нет,,圈,囗,夫,八,卩,,,,,
Да,同,铜,钅,冂,一,口,,,,,
Нет,,铲,钅,产,,,,,,,
Нет,,银,钅,艮,,,,,,,
Да,甜,甜,舌,甘,,,,,,,
Нет,,梨,禾,刀,木,,,,,,
Нет,,犁,禾,刀,牛,,,,,,
Нет,,移,禾,夕,夕,,,,,,
Да,本,笨,竹,本,,,,,,,
Нет,,笼,竹,龙,,,,,,,
Да,由,笛,竹,由,,,,,,,
Нет,,符,竹,人,寸,,,,,,
Нет,,第,竹,弓,丨,丿,,,,,
Нет,,敏,𠂉,母,攴,,,,,,
Нет,,做,人,十,口,攴,,,,,
Нет,,袋,人,弋,衣,,,,,,
Нет,,悠,人,丨,攴,心,,,,,
Нет,,偿,人,小,冖,云,,,,,
Нет,,偶,人,禺,,,,,,,
Нет,,偷,人,人,一,月,刀,,,,
Нет,,您,人,刀,小,心,,,,,
Да,雔,售,隹,口,,,,,,,
Да,亭,停,人,亠,口,冖,丁,,,,
Нет,,偏,人,户,𠕁,,,,,,
Нет,,假,人,叚,,,,,,,
Да,㝵,得,彳,日,一,寸,,,,,
Да,金,衔,彳,一,丁,钅,,,,,
Нет,,盘,舟,皿,,,,,,,
Нет,,船,舟,八,口,,,,,,
Да,余,斜,人,于,八,斗,,,,,
Да,合,盒,人,一,口,皿,,,,,
Да,合,鸽,人,一,口,鸟,,,,,
Нет,,悉,釆,心,,,,,,,
Нет,,欲,谷,欠,,,,,,,
Нет,,彩,爪,木,彡,,,,,,
Нет,,领,人,一,卩,页,,,,,
Нет,,脚,月,去,卩,,,,,,
Нет,,脖,月,十,冖,子,,,,,
Да,佥,脸,月,人,一,小,一,,,,
Нет,,脱,月,丷,口,儿,,,,,
Нет,,象,象,,,,,,,,
Да,句,够,勹,口,夕,夕,,,,,
Нет,,猜,犭,丰,月,,,,,,
Да,者,猪,犭,耂,日,,,,,,
Да,巤,猎,犭,井,日,,,,,,
Нет,,猫,犭,艹,田,,,,,,
Нет,,猛,犭,子,皿,,,,,,
Нет,,馅,饣,刀,臼,,,,,,
Нет,,馆,饣,宀,㠯,,,,,,
Нет,,凑,冫,𡗗,天,,,,,,
Нет,,减,冫,戊,一,口,,,,,
Нет,,毫,亠,口,冂,毛,,,,,
Нет,,麻,广,木,木,,,,,,
Нет,,痒,疒,羊,,,,,,,
Нет,,痕,疒,艮,,,,,,,
Да,郎,廊,广,丶,{⿸𢀳丶},阝,,,,,
Да,庚,康,广,隶,,,,,,,
Да,用,庸,广,肀,冂,二,,,,,
Нет,,鹿,广,乛,一,丨,丨,匕,匕,,
Нет,,盗,冫,欠,皿,,,,,,
Нет,,章,立,日,十,,,,,,
Нет,,竟,立,日,儿,,,,,,
Нет,,商,亠,丷,冂,儿,口,,,,
Нет,,族,方,丿,一,矢,,,,,
Нет,,旋,方,丿,一,乛,卜,人,,,
Да,亡,望,亡,月,王,,,,,,
Нет,,率,亠,幺,冫,丶,丶,十,,,
Да,者,着,羊,目,,,,,,,
Нет,,盖,𦍌,皿,,,,,,,
Нет,,粘,米,卜,口,,,,,,
Нет,,粗,米,且,,,,,,,
Да,立,粒,米,立,,,,,,,
Нет,,断,𠃊,米,斤,,,,,,
Нет,,剪,丷,一,月,刂,刀,,,,
Нет,,兽,丷,田,一,口,,,,,
Да,青,清,氵,丰,月,,,,,,
Да,忝,添,氵,天,心,,,,,,
Да,林,淋,氵,木,木,,,,,,
Нет,,淹,氵,大,电,,,,,,
Да,矩,渠,氵,巨,木,,,,,,
Нет,,渐,氵,车,斤,,,,,,
Да,昆,混,氵,日,匕,匕,,,,,
Да,鱼,渔,氵,鱼,,,,,,,
Нет,,淘,氵,勹,缶,,,,,,
Да,夜,液,氵,亠,人,夕,丶,,,,
Нет,,淡,氵,火,火,,,,,,
Нет,,深,氵,冖,八,木,,,,,
Нет,,婆,氵,皮,女,,,,,,
Да,刅,梁,氵,刀,八,木,,,,,
Нет,,渗,氵,厶,大,彡,,,,,
Да,青,情,忄,丰,月,,,,,,
Нет,,惜,忄,井,日,,,,,,
Нет,,惭,忄,车,斤,,,,,,
Нет,,悼,忄,卜,日,十,,,,,
Да,具,惧,忄,具,,,,,,,
Нет,,惕,忄,日,勿,,,,,,
Да,敬,惊,忄,京,,,,,,,
Нет,,惨,忄,厶,大,彡,,,,,
Да,贯,惯,忄,毌,贝,,,,,,
Нет,,寇,宀,二,儿,攴,,,,,
Нет,,寄,宀,大,丁,口,,,,,
Нет,,宿,宀,人,百,,,,,,
Нет,,窑,穴,缶,,,,,,,
Нет,,密,宀,必,山,,,,,,
Нет,,谋,讠,甘,木,,,,,,
Нет,,谎,讠,艹,亡,川,,,,,
Нет,,祸,礻,口,内,,,,,,
Да,迷,谜,讠,辶,米,,,,,,
Нет,,逮,辶,隶,,,,,,,
Нет,,敢,𠃍,耳,攵,,,,,,
Да,者,屠,尸,耂,日,,,,,,
Нет,,弹,弓,单,,,,,,,
Нет,,随,阝,辶,一,丿,月,,,,
Нет,,蛋,乛,卜,人,虫,,,,,
Нет,,隆,阝,夂,一,生,,,,,
Нет,,隐,阝,刀,彐,心,,,,,
Нет,,婚,女,氏,日,,,,,,
Да,审,婶,女,宀,申,,,,,,
Нет,,颈,又,土,页,,,,,,
Нет,,绩,纟,丰,贝,,,,,,
Да,者,绪,纟,耂,日,,,,,,
Да,𧶠,续,纟,十,乛,头,,,,,
Нет,,骑,马,大,丁,口,,,,,
Нет,,绳,纟,口,电,,,,,,
Нет,,维,纟,隹,,,,,,,
Нет,,绵,纟,白,巾,,,,,,
Да,周,绸,纟,冂,土,口,,,,,
Нет,,绿,纟,彐,氺,,,,,,
Да,今,琴,王,王,今,,,,,,
Да,班,斑,王,文,王,,,,,,
Нет,,替,夫,夫,曰,,,,,,
Нет,,款,士,示,欠,,,,,,
Нет,,堪,土,其,乚,,,,,,
Да,荅,搭,扌,艹,人,一,口,,,,
Да,荅,塔,土,艹,人,一,口,,,,
Да,戉,越,十,乛,卜,人,戉,,,,
Нет,,趁,十,乛,卜,人,人,彡,,,
Нет,,趋,十,乛,卜,人,刀,彐,,,
Нет,,超,十,乛,卜,人,刀,口,,,
Нет,,提,扌,日,乛,卜,人,,,,
Нет,,堤,土,日,乛,卜,人,,,,
Нет,,博,十,甫,寸,,,,,,
Нет,,揭,扌,日,勹,𠃊,人,,,,
Нет,,喜,士,口,丷,一,口,,,,
Нет,,插,扌,千,臼,,,,,,
Нет,,揪,扌,禾,火,,,,,,
Нет,,搜,扌,臼,丨,又,,,,,
Да,者,煮,耂,日,火,,,,,,
Нет,,援,扌,爪,一,一,丿,又,,,
Нет,,裁,十,戈,衣,,,,,,
Нет,,搁,扌,门,夂,口,,,,,
Нет,,搂,扌,米,女,,,,,,
Да,学,搅,扌,小,冖,见,,,,,
Нет,,握,扌,尸,至,,,,,,
Нет,,揉,扌,矛,木,,,,,,
Нет,,斯,其,斤,,,,,,,
Нет,,期,其,月,,,,,,,
Нет,,欺,其,欠,,,,,,,
Нет,,联,耳,丷,天,,,,,,
Нет,,散,井,月,攴,,,,,,
Нет,,惹,艹,一,丿,口,心,,,,
Нет,,葬,艹,歹,匕,廾,,,,,
Нет,,葛,艹,日,勹,𠃊,人,,,,
Нет,,董,艹,重,,,,,,,
Нет,,葡,艹,勹,甫,,,,,,
Нет,,敬,艹,勹,口,攴,,,,,
Нет,,葱,艹,匆,心,,,,,,
Да,洛,落,艹,氵,夂,口,,,,,
Нет,,朝,十,日,十,月,,,,,
Да,古,辜,十,口,辛,,,,,,
Нет,,葵,艹,癶,天,,,,,,
Нет,,棒,木,𡗗,𰀁,,,,,,
Нет,,棋,木,其,,,,,,,
Да,直,植,木,直,,,,,,,
Нет,,森,木,木,木,,,,,,
Нет,,椅,木,大,丁,口,,,,,
Нет,,椒,木,上,小,又,,,,,
Нет,,棵,木,果,,,,,,,
Да,昆,棍,木,日,匕,匕,,,,,
Нет,,棉,木,白,巾,,,,,,
Нет,,棚,木,月,月,,,,,,
Нет,,棕,木,宀,示,,,,,,
Нет,,惠,一,由,厶,心,,,,,
Нет,,惑,口,一,戈,心,,,,,
Нет,,逼,辶,一,口,田,,,,,
Нет,,厨,厂,豆,寸,,,,,,
Нет,,厦,厂,一,自,夕,,,,,
Нет,,硬,石,更,,,,,,,
Нет,,确,石,角,,,,,,,
Нет,,雁,厂,人,隹,,,,,,
Да,直,殖,歹,直,,,,,,,
Да,列,裂,歹,刀,衣,,,,,,
Нет,,雄,一,丿,厶,隹,,,,,
Нет,,暂,车,斤,日,,,,,,
Нет,,雅,牙,隹,,,,,,,
Нет,,辈,非,车,,,,,,,
Нет,,悲,非,心,,,,,,,
Нет,,紫,止,匕,糸,,,,,,
Нет,,辉,⺌,兀,冖,车,,,,,
Нет,,敞,小,冂,口,攴,,,,,
Нет,,赏,小,冂,口,贝,,,,,
Нет,,掌,⺌,冂,口,手,,,,,
Да,青,晴,日,丰,月,,,,,,
Да,者,暑,日,耂,日,,,,,,
Нет,,最,曰,耳,又,,,,,,
Нет,,量,日,一,里,,,,,,
Нет,,喷,口,十,艹,贝,,,,,
Нет,,晶,日,日,日,,,,,,
Нет,,喇,口,束,刀,,,,,,
Нет,,遇,辶,禺,,,,,,,
Нет,,喊,口,戊,一,口,,,,,
Да,京,景,日,京,,,,,,,
Нет,,践,口,卜,人,戋,,,,,
Да,失,跌,口,卜,人,失,,,,,
Да,包,跑,口,卜,人,勹,己,,,,
Да,遗,遗,辶,中,一,贝,,,,,
Нет,,蛙,虫,土,土,,,,,,
Да,朱,蛛,虫,朱,,,,,,,
Нет,,蜓,虫,廴,壬,,,,,,
Нет,,喝,口,日,勹,𠃊,人,,,,
Нет,,喂,口,田,一,𰀠,,,,,
Нет,,喘,口,山,而,,,,,,
Нет,,喉,口,人,乛,一,矢,,,,
Нет,,幅,巾,一,口,田,,,,,
Нет,,帽,巾,冃,目,,,,,,
Да,者,赌,贝,耂,日,,,,,,
Нет,,赔,贝,立,口,,,,,,
Нет,,黑,口,丷,土,火,,,,,
Нет,,铸,钅,丰,寸,,,,,,
Нет,,铺,钅,甫,,,,,,,
Да,连,链,钅,辶,车,,,,,,
Да,肖,销,钅,小,月,,,,,,
Да,琐,锁,钅,小,贝,,,,,,
Нет,,锄,钅,且,力,,,,,,
Нет,,锅,钅,口,内,,,,,,
Нет,,锈,钅,禾,乃,,,,,,
Нет,,锋,钅,夂,丰,,,,,,
Нет,,锐,钅,丷,口,儿,,,,,
Нет,,短,矢,豆,,,,,,,
Нет,,智,矢,口,日,,,,,,
Нет,,毯,毛,火,火,,,,,,
Да,我,鹅,我,鸟,,,,,,,
Да,乘,剩,禾,{⿰二丨},匕,刀,,,,,
Да,肖,稍,禾,小,月,,,,,,
Да,呈,程,禾,口,王,,,,,,
Нет,,稀,禾,乂,一,丿,巾,,,,
Нет,,税,禾,丷,口,儿,,,,,
Да,匡,筐,竹,匚,王,,,,,,
Да,寺,等,竹,土,寸,,,,,,
Да,竹,筑,竹,工,凡,,,,,,
Нет,,策,竹,朿,,,,,,,
Нет,,筛,竹,丨,丿,丿,巾,,,,
Да,同,筒,竹,冂,一,口,,,,,
Да,合,答,竹,人,一,口,,,,,
Нет,,筋,竹,月,力,,,,,,
Да,争,筝,竹,争,,,,,,,
Да,敖,傲,人,𫠤,攵,,,,,,
Нет,,傅,人,甫,寸,,,,,,
Нет,,牌,片,卑,,,,,,,
Да,保,堡,人,口,木,土,,,,,
Нет,,集,隹,木,,,,,,,
Нет,,焦,隹,火,,,,,,,
Нет,,傍,人,亠,丷,冖,方,,,,
Да,者,储,人,讠,耂,日,,,,,
Нет,,奥,丶,冂,米,大,,,,,
Нет,,街,彳,一,丁,土,土,,,,
Нет,,惩,彳,正,心,,,,,,
Да,午,御,彳,𦈢,卩,,,,,,
Нет,,循,彳,厂,十,目,,,,,
Нет,,艇,舟,廴,壬,,,,,,
Да,舍,舒,人,舌,予,,,,,,
Нет,,番,釆,田,,,,,,,
Нет,,释,釆,又,二,丨,,,,,
Да,今,禽,人,亠,凵,乂,禸,,,,
Да,巤,腊,月,井,日,,,,,,
Нет,,脾,月,卑,,,,,,,
Да,空,腔,月,穴,工,,,,,,
Нет,,鲁,鱼,日,,,,,,,
Нет,,猾,犭,冎,月,,,,,,
Нет,,猴,犭,人,乛,一,矢,,,,
Нет,,然,月,犬,灬,,,,,,
Да,毚,馋,饣,免,冫,,,,,,
Да,爿,装,丬,士,衣,,,,,,
Нет,,蛮,亦,虫,,,,,,,
Нет,,就,京,尤,,,,,,,
Да,甬,痛,疒,龴,用,,,,,,
Нет,,童,立,里,,,,,,,
Нет,,阔,门,氵,舌,,,,,,
Нет,,善,羊,丷,一,口,,,,,
Нет,,羡,羊,冫,欠,,,,,,
Да,並,普,丷,亚,日,,,,,,
Нет,,粪,米,井,八,,,,,,
Нет,,尊,丷,酉,寸,,,,,,
Да,首,道,辶,首,,,,,,,
Нет,,曾,丷,口,丨,丷,曰,,,,
Нет,,焰,火,刀,臼,,,,,,
Да,巷,港,氵,井,八,己,,,,,
Да,胡,湖,氵,十,口,月,,,,,
Нет,,渣,氵,木,日,一,,,,,
Нет,,湿,氵,日,业,,,,,,
Нет,,温,氵,日,皿,,,,,,
Нет,,渴,氵,日,勹,𠃊,人,,,,
Нет,,滑,氵,冎,月,,,,,,
Нет,,湾,氵,亦,弓,,,,,,
Да,度,渡,氵,广,廿,又,,,,,
Нет,,游,氵,方,丿,一,子,,,,
Да,兹,滋,氵,䒑,幺,幺,,,,,
Нет,,溉,氵,{⿸𢀳丶},旡,,,,,,
Нет,,愤,忄,十,艹,贝,,,,,
Да,荒,慌,忄,艹,亡,川,,,,,
Нет,,惰,忄,一,丿,工,月,,,,
Нет,,愧,忄,鬼,,,,,,,
Нет,,愉,忄,人,一,月,刀,,,,
Нет,,慨,忄,{⿸𢀳丶},旡,,,,,,
Нет,,割,宀,丰,口,刀,,,,,
Нет,,寒,宀,井,大,冫,,,,,
Нет,,富,宀,一,口,田,,,,,
Нет,,窜,穴,串,,,,,,,
Нет,,窝,穴,口,内,,,,,,
Нет,,窗,穴,囱,,,,,,,
Нет,,遍,辶,户,𠕁,,,,,,
Нет,,裕,衤,谷,,,,,,,
Да,车,裤,衤,广,车,,,,,,
Да,君,裙,衤,尹,口,,,,,,
Да,射,谢,讠,身,寸,,,,,,
Нет,,谣,讠,爫,缶,,,,,,
Нет,,谦,讠,兼,,,,,,,
Нет,,属,尸,禹,,,,,,,
Нет,,屡,尸,米,女,,,,,,
Да,强,强,弓,口,虫,,,,,,
Нет,,粥,弓,米,弓,,,,,,
Нет,,疏,乛,卜,人,亠,厶,川,,,
Нет,,隔,阝,鬲,,,,,,,
Да,隙,隙,阝,小,日,小,,,,,
Да,如,絮,女,口,糸,,,,,,
Нет,,嫂,女,臼,丨,又,,,,,
Нет,,登,癶,豆,,,,,,,
Нет,,缎,纟,丿,丰,殳,,,,,
Нет,,缓,纟,爪,一,一,丿,又,,,
Нет,,编,纟,户,𠕁,,,,,,
Нет,,骗,马,户,𠕁,,,,,,
Нет,,缘,纟,彑,𧰨,,,,,,
Нет,,瑞,王,山,而,,,,,,
Да,云,魂,云,鬼,,,,,,,
Да,㣇,肆,镸,聿,,,,,,,
Нет,,摄,扌,耳,又,又,,,,,
Нет,,摸,扌,艹,日,大,,,,,
Нет,,填,土,直,八,,,,,,
Нет,,搏,扌,甫,寸,,,,,,
Нет,,塌,土,日,习,习,,,,,
Нет,,鼓,十,豆,十,又,,,,,
Нет,,摆,扌,罒,去,,,,,,
Нет,,携,扌,隹,乃,,,,,,
Нет,,搬,扌,舟,殳,,,,,,
Нет,,摇,扌,爫,缶,,,,,,
Нет,,搞,扌,高,,,,,,,
Да,唐,塘,土,广,肀,口,,,,,
Да,𦰩,摊,扌,又,隹,,,,,,
Нет,,蒜,艹,示,示,,,,,,
Нет,,勤,堇,力,,,,,,,
Нет,,鹊,井,日,鸟,,,,,,
Да,监,蓝,艹,丨,丨,丿,一,丶,皿,,
Нет,,墓,艹,日,大,土,,,,,
Нет,,幕,艹,日,大,巾,,,,,
Нет,,蓬,艹,辶,夂,丰,,,,,
Нет,,蓄,艹,亠,幺,田,,,,,
Нет,,蒙,艹,冖,一,豕,,,,,
Нет,,蒸,艹,丞,火,,,,,,
Нет,,献,南,犬,,,,,,,
Да,林,禁,木,木,示,,,,,,
Нет,,楚,木,木,乛,卜,人,,,,
Да,相,想,木,目,心,,,,,,
Нет,,槐,木,鬼,,,,,,,
Нет,,榆,木,人,一,月,刀,,,,
Нет,,楼,木,米,女,,,,,,
Нет,,概,木,{⿸𢀳丶},旡,,,,,,
Да,剌,赖,束,刀,贝,,,,,,
Да,州,酬,酉,州,,,,,,,
Нет,,感,戊,一,口,心,,,,,
Да,㝵,碍,石,日,一,寸,,,,,
Нет,,碑,石,卑,,,,,,,
Нет,,碎,石,亠,人,人,十,,,,
Нет,,碰,石,丷,亚,,,,,,
Нет,,碗,石,宀,夕,卩,,,,,
Нет,,碌,石,彐,氺,,,,,,
Нет,,雷,雨,田,,,,,,,
Нет,,零,雨,人,一,卩,,,,,
Нет,,雾,雨,夕,力,,,,,,
Да,包,雹,雨,勹,己,,,,,,
Нет,,输,车,人,一,月,刀,,,,
Нет,,督,上,小,又,目,,,,,
Нет,,龄,止,人,凵,人,一,卩,,,
Да,监,鉴,丨,丨,丿,一,丶,金,,,
Да,青,睛,目,丰,月,,,,,,
Нет,,睡,目,垂,,,,,,,
Нет,,睬,目,爪,木,,,,,,
Нет,,鄙,口,亠,囗,口,阝,,,,
Нет,,愚,禺,心,,,,,,,
Нет,,暖,日,爪,一,一,丿,又,,,
Нет,,盟,日,月,皿,,,,,,
Нет,,歇,日,勹,𠃊,人,欠,,,,
Да,音,暗,日,立,日,,,,,,
Нет,,照,日,刀,口,火,,,,,
Нет,,跨,口,卜,人,大,一,丂,,,
Нет,,跳,口,卜,人,兆,,,,,
Нет,,跪,口,卜,人,刀,厂,卩,,,
Да,各,路,口,卜,人,夂,口,,,,
Нет,,跟,口,卜,人,艮,,,,,
Нет,,遣,辶,中,一,尸,乛,一,,,
Да,我,蛾,虫,我,,,,,,,
Нет,,蜂,虫,夂,丰,,,,,,
Нет,,嗓,口,木,又,又,又,,,,
Да,直,置,罒,直,,,,,,,
Нет,,罪,罒,非,,,,,,,
Нет,,罩,罒,卜,日,十,,,,,
Нет,,错,钅,井,日,,,,,,
Нет,,锡,钅,日,勿,,,,,,
Нет,,锣,钅,罒,夕,,,,,,
Нет,,锤,钅,垂,,,,,,,
Да,金,锦,钅,白,巾,,,,,,
Нет,,键,钅,廴,聿,,,,,,
Да,居,锯,钅,尸,十,口,,,,,
Нет,,矮,矢,禾,女,,,,,,
Нет,,辞,舌,辛,,,,,,,
Да,周,稠,禾,冂,土,口,,,,,
Да,秋,愁,禾,火,心,,,,,,
Нет,,筹,竹,丰,寸,,,,,,
Да,佥,签,竹,人,一,小,一,,,,
Да,闲,简,竹,门,日,,,,,,
Нет,,毁,臼,工,殳,,,,,,
Да,臼,舅,臼,田,力,,,,,,
Нет,,鼠,鼠,,,,,,,,
Нет,,催,人,山,隹,,,,,,
Да,夋,傻,人,囟,儿,夕,,,,,
Нет,,像,人,象,,,,,,,
Нет,,躲,身,几,木,,,,,,
Нет,,微,彳,山,兀,攴,,,,,
Нет,,愈,人,一,月,刀,心,,,,
Нет,,遥,辶,爪,缶,,,,,,
Нет,,腰,月,西,女,,,,,,
Да,星,腥,月,生,日,,,,,,
Нет,,腹,月,丿,一,日,夕,,,,
Да,朕,腾,月,丷,夫,马,,,,,
Да,退,腿,月,辶,艮,,,,,,
Нет,,触,角,虫,,,,,,,
Нет,,解,角,刀,牛,,,,,,
Да,将,酱,丬,夕,酉,,,,,,
Нет,,痰,疒,火,火,,,,,,
Нет,,廉,广,兼,,,,,,,
Нет,,新,立,木,斤,,,,,,
Нет,,韵,立,日,勹,冫,,,,,
Нет,,意,立,日,心,,,,,,
Да,良,粮,米,丶,艮,,,,,,
Нет,,数,米,女,攴,,,,,,
Нет,,煎,丷,一,月,刂,火,,,,
Нет,,塑,屰,月,土,,,,,,
Да,兹,慈,䒑,幺,幺,心,,,,,
Нет,,煤,火,甘,木,,,,,,
Да,皇,煌,火,白,王,,,,,,
Нет,,满,氵,艹,两,,,,,,
Нет,,漠,氵,艹,日,大,,,,,
Да,原,源,氵,厂,白,小,,,,,
Нет,,滤,氵,虍,心,,,,,,
Да,监,滥,氵,丨,丨,丿,一,丶,皿,,
Нет,,滔,氵,爪,臼,,,,,,
Нет,,溪,氵,爪,幺,大,,,,,
Нет,,溜,氵,卯,田,,,,,,
Нет,,滚,氵,衣,八,厶,,,,,
Нет,,滨,氵,宀,丘,八,,,,,
Да,刅,粱,氵,刀,八,米,,,,,
Да,𦰩,滩,氵,又,隹,,,,,,
Нет,,慎,忄,直,八,,,,,,
Нет,,誉,丷,六,言,,,,,,
Нет,,塞,宀,井,大,土,,,,,
Нет,,谨,讠,堇,,,,,,,
Нет,,福,礻,一,口,田,,,,,
Да,君,群,尹,口,羊,,,,,,
Нет,,殿,尸,井,八,殳,,,,,
Нет,,辟,尸,口,辛,,,,,,
Нет,,障,阝,立,日,十,,,,,
Нет,,嫌,女,兼,,,,,,,
Нет,,嫁,女,宀,豕,,,,,,
Да,叠,叠,又,又,又,冖,且,,,,
Нет,,缝,纟,辶,夂,丰,,,,,
Да,旦,缠,纟,广,里,,,,,,
Да,争,静,丰,月,争,,,,,,
Да,白,碧,王,白,石,,,,,,
Нет,,璃,王,亠,凵,乂,禸,,,,
Да,啬,墙,土,土,丷,囗,口,,,,
Нет,,撇,扌,㡀,攴,,,,,,
Нет,,嘉,士,口,丷,一,力,口,,,
Нет,,摧,扌,山,隹,,,,,,
Нет,,截,十,戈,隹,,,,,,
Нет,,誓,扌,斤,言,,,,,,
Нет,,境,土,立,日,儿,,,,,
Нет,,摘,扌,亠,丷,冂,十,口,,,
Нет,,摔,扌,亠,幺,冫,丶,丶,十,,
Нет,,聚,耳,又,乑,,,,,,
Нет,,蔽,艹,㡀,攴,,,,,,
Нет,,慕,艹,日,大,心,,,,,
Нет,,暮,艹,日,大,日,,,,,
Нет,,蔑,艹,罒,戊,丶,,,,,
Нет,,模,木,艹,日,大,,,,,
Нет,,榴,木,卯,田,,,,,,
Нет,,榜,木,亠,丷,冖,方,,,,
Нет,,榨,木,穴,乍,,,,,,
Нет,,歌,丁,口,丁,口,欠,,,,
Нет,,遭,辶,卄,曰,日,,,,,
Нет,,酷,酉,牛,口,,,,,,
Нет,,酿,酉,丶,艮,,,,,,
Да,夋,酸,酉,厶,八,夂,,,,,
Да,兹,磁,石,䒑,幺,幺,,,,,
Да,愿,愿,厂,白,小,心,,,,,
Нет,,需,雨,而,,,,,,,
Нет,,弊,㡀,攴,廾,,,,,,
Нет,,裳,小,冂,口,衣,,,,,
Нет,,颗,果,页,,,,,,,
Нет,,嗽,口,束,欠,,,,,,
Да,青,蜻,虫,丰,月,,,,,,
Да,巤,蜡,虫,井,日,,,,,,
Нет,,蝇,虫,口,电,,,,,,
Нет,,蜘,虫,矢,口,,,,,,
Нет,,赚,贝,兼,,,,,,,
Нет,,锹,钅,禾,火,,,,,,
Нет,,锻,钅,丿,丰,殳,,,,,
Нет,,舞,丿,一,川,丨,一,一,夕,㐄,
Нет,,稳,禾,刀,彐,心,,,,,
Нет,,算,竹,目,廾,,,,,,
Нет,,箩,竹,罒,夕,,,,,,
Нет,,管,竹,宀,㠯,,,,,,
Нет,,僚,人,大,丷,日,小,,,,
Да,畀,鼻,自,田,廾,,,,,,
Да,白,魄,白,鬼,,,,,,,
Нет,,貌,豸,白,儿,,,,,,
Нет,,膜,月,艹,日,大,,,,,
Нет,,膊,月,甫,寸,,,,,,
Нет,,膀,月,亠,丷,冖,方,,,,
Нет,,鲜,鱼,羊,,,,,,,
Нет,,疑,匕,矢,龴,乛,卜,人,,,
Нет,,馒,饣,曰,目,又,,,,,
Нет,,裹,衣,果,,,,,,,
Нет,,敲,高,攴,,,,,,,
Да,高,豪,亠,口,冖,豕,,,,,
Да,高,膏,高,月,,,,,,,
Да,庶,遮,辶,广,廿,火,,,,,
Нет,,腐,广,人,寸,肉,,,,,
Нет,,瘦,疒,臼,丨,又,,,,,
Да,剌,辣,辛,束,,,,,,,
Нет,,竭,立,日,勹,𠃊,人,,,,
Нет,,端,立,山,而,,,,,,
Нет,,旗,方,丿,一,其,,,,,
Да,青,精,米,丰,月,,,,,,
Нет,,歉,兼,欠,,,,,,,
Нет,,熄,火,自,心,,,,,,
Нет,,熔,火,宀,谷,,,,,,
Нет,,漆,氵,木,人,氺,,,,,
Нет,,漂,氵,西,示,,,,,,
Нет,,漫,氵,曰,目,又,,,,,
Нет,,滴,氵,亠,丷,冂,十,口,,,
Нет,,演,氵,宀,一,由,八,,,,
Да,屚,漏,氵,尸,雨,,,,,,
Нет,,慢,忄,曰,目,又,,,,,
Да,塞,寨,宀,井,大,木,,,,,
Да,塞,赛,宀,井,大,贝,,,,,
Нет,,察,宀,𱼀,示,,,,,,
Нет,,蜜,宀,必,虫,,,,,,
Да,並,谱,讠,丷,亚,日,,,,,
Нет,,嫩,女,束,攴,,,,,,
Нет,,翠,习,习,亠,人,人,十,,,
Нет,,熊,厶,月,匕,匕,火,,,,
Нет,,凳,癶,豆,几,,,,,,
Нет,,骡,马,田,糸,,,,,,
Да,宿,缩,纟,宀,人,百,,,,,
Нет,,慧,丰,丰,彐,心,,,,,
Нет,,撕,扌,其,斤,,,,,,
Нет,,撒,扌,井,月,攴,,,,,
Нет,,趣,十,乛,卜,人,耳,又,,,
Нет,,趟,十,乛,卜,人,小,冂,口,,
Нет,,撑,扌,⺌,冂,口,手,,,,
Нет,,播,扌,釆,田,,,,,,
Нет,,撞,扌,立,里,,,,,,
Нет,,撤,扌,亠,厶,月,攵,,,,
Нет,,增,土,丷,口,丨,丷,曰,,,
Нет,,聪,耳,丷,口,心,,,,,
Нет,,鞋,革,土,土,,,,,,
Нет,,蕉,艹,隹,火,,,,,,
Нет,,蔬,艹,乛,卜,人,亠,厶,川,,
Да,黄,横,木,黄,,,,,,,
Нет,,槽,木,卄,曰,日,,,,,
Нет,,樱,木,贝,贝,女,,,,,
Нет,,橡,木,象,,,,,,,
Нет,,飘,西,示,风,,,,,,
Нет,,醋,酉,井,日,,,,,,
Нет,,醉,酉,亠,人,人,十,,,,
Нет,,震,雨,辰,,,,,,,
Нет,,霉,雨,𠂉,母,,,,,,
Нет,,瞒,目,艹,两,,,,,,
Нет,,题,日,乛,卜,人,页,,,,
Нет,,暴,日,龷,八,氺,,,,,
Нет,,瞎,目,宀,丰,口,,,,,
Да,景,影,日,京,彡,,,,,,
Нет,,踢,口,卜,人,日,勿,,,,
Нет,,踏,口,卜,人,水,日,,,,
Нет,,踩,口,卜,人,爪,木,,,,
Нет,,踪,口,卜,人,宀,示,,,,
Да,枼,蝶,虫,世,木,,,,,,
Да,胡,蝴,虫,十,口,月,,,,,
Нет,,嘱,口,尸,禹,,,,,,
Да,黑,墨,黑,土,,,,,,,
Нет,,镇,钅,直,八,,,,,,
Нет,,靠,牛,口,非,,,,,,
Нет,,稻,禾,爪,臼,,,,,,
Нет,,黎,禾,人,氺,勹,丿,,,,
Нет,,稿,禾,高,,,,,,,
Нет,,稼,禾,宀,豕,,,,,,
Да,相,箱,竹,木,目,,,,,,
Нет,,箭,竹,丷,一,月,刂,,,,
Нет,,篇,竹,户,𠕁,,,,,,
Да,畺,僵,人,三,田,田,,,,,
Нет,,躺,身,小,冂,口,,,,,
Нет,,僻,人,尸,口,辛,,,,,
Да,直,德,彳,十,罒,一,心,,,,
Нет,,艘,舟,臼,丨,又,,,,,
Нет,,膝,月,木,人,氺,,,,,
Нет,,膛,月,小,冂,口,土,,,,
Нет,,熟,亠,口,子,丸,火,,,,
Нет,,摩,广,木,木,手,,,,,
Нет,,颜,亠,丷,厂,彡,页,,,,
Нет,,毅,亠,丷,豕,殳,,,,,
Да,胡,糊,米,十,口,月,,,,,
Да,尊,遵,辶,丷,酉,寸,,,,,
Нет,,潜,氵,夫,夫,曰,,,,,
Нет,,潮,氵,十,日,十,月,,,,
Нет,,懂,忄,艹,重,,,,,,
Да,客,额,宀,夂,口,页,,,,,
Да,尉,慰,尸,示,寸,心,,,,,
Нет,,劈,尸,口,辛,刀,,,,,
Нет,,操,扌,口,口,口,木,,,,
Нет,,燕,廿,{⿰二丨},匕,口,火,,,,
Да,署,薯,艹,罒,耂,日,,,,,
Нет,,薪,艹,立,木,斤,,,,,
Нет,,薄,艹,氵,甫,寸,,,,,
Нет,,颠,直,八,页,,,,,,
Нет,,橘,木,矛,冂,八,口,,,,
Да,正,整,束,攴,正,,,,,,
Да,虫,融,鬲,虫,,,,,,,
Да,星,醒,酉,生,日,,,,,,
Нет,,餐,歺,又,食,,,,,,
Нет,,嘴,口,止,匕,角,,,,,
Нет,,蹄,口,卜,人,亠,丷,冖,巾,,
Нет,,器,口,口,犬,口,口,,,,
Нет,,赠,贝,丷,口,丨,丷,曰,,,
Да,黑,默,黑,犬,,,,,,,
Нет,,镜,钅,立,日,儿,,,,,
Нет,,赞,丿,土,儿,丿,土,儿,贝,,
Да,监,篮,竹,丨,丨,丿,一,丶,皿,,
Нет,,邀,辶,白,方,攴,,,,,
Да,行,衡,彳,一,丁,刀,田,大,,,
Нет,,膨,月,十,豆,彡,,,,,
Да,周,雕,冂,土,口,隹,,,,,
Нет,,磨,广,木,木,石,,,,,
Нет,,凝,冫,匕,矢,龴,乛,卜,人,,
Нет,,辨,辛,丶,丿,辛,,,,,
Нет,,辩,辛,讠,辛,,,,,,
Да,唐,糖,米,广,肀,口,,,,,
Да,羔,糕,米,羊,火,,,,,,
Нет,,燃,火,月,犬,灬,,,,,
Нет,,澡,氵,口,口,口,木,,,,
Нет,,激,氵,白,方,攴,,,,,
Да,剌,懒,忄,束,刀,贝,,,,,
Нет,,壁,尸,口,辛,土,,,,,
Нет,,避,辶,尸,口,辛,,,,,
Нет,,缴,纟,白,方,攴,,,,,
Нет,,戴,十,戈,田,井,八,,,,
Нет,,擦,扌,宀,𱼀,示,,,,,
Нет,,鞠,革,勹,米,,,,,,
Да,臧,藏,艹,戈,爿,臣,,,,,
Да,相,霜,雨,木,目,,,,,,
Нет,,霞,雨,叚,,,,,,,
Нет,,瞧,目,隹,火,,,,,,
Нет,,蹈,口,卜,人,爪,臼,,,,
Нет,,螺,虫,田,糸,,,,,,
Нет,,穗,禾,一,由,厶,心,,,,
Нет,,繁,𠂉,母,攵,糸,,,,,
Нет,,辫,辛,纟,辛,,,,,,
Да,嬴,赢,亡,口,月,贝,凡,,,,
Нет,,糟,米,卄,曰,日,,,,,
Да,康,糠,米,广,隶,,,,,,
Нет,,燥,火,口,口,口,木,,,,
Нет,,臂,月,尸,口,辛,,,,,
Нет,,翼,习,习,田,井,八,,,,
Нет,,骤,马,耳,又,乑,,,,,
Нет,,鞭,革,人,更,,,,,,
Нет,,覆,西,彳,丿,一,日,夂,,,
Нет,,蹦,口,卜,人,山,月,月,,,
Нет,,镰,钅,广,兼,,,,,,
Нет,,翻,釆,田,习,习,,,,,
Нет,,鹰,广,人,隹,鸟,,,,,
Да,敬,警,艹,勹,口,攴,言,,,,
Нет,,攀,木,乂,乂,木,大,手,,,
Да,尊,蹲,口,卜,人,丷,酉,寸,,,
Да,亶,颤,亠,囗,口,日,一,页,,,
Нет,,瓣,辛,瓜,辛,,,,,,
Нет,,爆,火,日,龷,八,氺,,,,
Да,畺,疆,弓,土,三,田,田,,,,
Нет,,壤,土,口,口,井,一,衣,,,
Да,翟,耀,小,兀,习,习,隹,,,,
Нет,,躁,口,卜,人,口,口,口,木,,
Да,爵,嚼,口,爫,罒,{⿸𢀳丶},寸,,,,
Нет,,嚷,口,口,口,井,一,衣,,,
Нет,,籍,竹,耒,井,日,,,,,
Нет,,魔,广,木,木,鬼,,,,,
Нет,,灌,氵,艹,口,口,隹,,,,
Нет,,蠢,𡗗,日,虫,虫,,,,,
Нет,,霸,雨,革,月,,,,,,
Да,路,露,雨,口,卜,人,夂,口,,,
Нет,,囊,一,口,丨,冂,口,口,井,一,𧘇
Нет,,罐,缶,艹,口,口,隹,,,,
Нет,,匕,乚,丿,,,,,,,
Нет,,刁,刁,,,,,,,,
Нет,,丐,丐,,,,,,,,
Нет,,歹,一,夕,,,,,,,
Нет,,戈,戈,,,,,,,,
Нет,,夭,丿,大,,,,,,,
Нет,,仑,人,匕,,,,,,,
Нет,,讥,讠,几,,,,,,,
Нет,,冗,冖,几,,,,,,,
Нет,,邓,又,阝,,,,,,,
Нет,,艾,艹,乂,,,,,,,
Нет,,夯,大,力,,,,,,,
Нет,,凸,凸,,,,,,,,
Нет,,卢,卜,尸,,,,,,,
Нет,,叭,口,八,,,,,,,
Нет,,叽,口,几,,,,,,,
Нет,,皿,皿,,,,,,,,
Нет,,凹,凹,,,,,,,,
Нет,,囚,囗,人,,,,,,,
Нет,,矢,丿,天,,,,,,,
Нет,,乍,丿,一,丨,二,,,,,
Нет,,尔,刀,小,,,,,,,
Нет,,冯,冫,马,,,,,,,
Нет,,玄,亠,幺,,,,,,,
Нет,,邦,丰,阝,,,,,,,
Нет,,迂,辶,于,,,,,,,
Да,开,邢,开,阝,,,,,,,
Нет,,芋,艹,于,,,,,,,
Нет,,芍,艹,勺,,,,,,,
Нет,,吏,一,口,乂,,,,,,
Нет,,夷,大,弓,,,,,,,
Да,龠,吁,口,于,,,,,,,
Нет,,吕,口,口,,,,,,,
Нет,,吆,口,幺,,,,,,,
Да,乞,屹,山,丿,一,乙,,,,,
Нет,,廷,廴,壬,,,,,,,
Да,乞,迄,辶,丿,一,乙,,,,,
Нет,,臼,丿,丨,一,彐,,,,,
Да,中,仲,人,中,,,,,,,
Нет,,伦,人,仑,,,,,,,
Нет,,伊,人,尹,,,,,,,
Да,力,肋,月,力,,,,,,,
Да,九,旭,九,日,,,,,,,
Да,凶,匈,勹,凵,乂,,,,,,
Да,凫,凫,{⿱丿⿴#(-𠃌㇉)丶},几,,,,,,,
Да,爿,妆,丬,女,,,,,,,
Нет,,亥,亥,,,,,,,,
Нет,,汛,氵,卂,,,,,,,
Нет,,讳,讠,韦,,,,,,,
Нет,,讶,讠,牙,,,,,,,
Да,化,讹,讠,人,匕,,,,,,
Нет,,讼,讠,八,厶,,,,,,
Нет,,诀,讠,夬,,,,,,,
Нет,,弛,弓,也,,,,,,,
Да,井,阱,阝,井,,,,,,,
Да,大,驮,马,大,,,,,,,
Да,川,驯,马,川,,,,,,,
Нет,,纫,纟,刃,,,,,,,
Да,久,玖,王,久,,,,,,,
Нет,,玛,王,马,,,,,,,
Нет,,韧,韦,刃,,,,,,,
Нет,,抠,扌,匚,乂,,,,,,
Нет,,扼,扌,厂,卩,,,,,,
Да,工,汞,工,水,,,,,,,
Нет,,扳,扌,厂,又,,,,,,
Нет,,抡,扌,仑,,,,,,,
Да,欠,坎,土,欠,,,,,,,
Нет,,坞,土,乌,,,,,,,
Да,印,抑,扌,卬,,,,,,,
Да,以,拟,扌,{⿰𠄌丶},人,,,,,,
Да,予,抒,扌,予,,,,,,,
Нет,,芙,艹,夫,,,,,,,
Нет,,芜,艹,无,,,,,,,
Нет,,苇,艹,韦,,,,,,,
Да,介,芥,艹,人,丿,丨,,,,,
Нет,,芯,艹,心,,,,,,,
Нет,,芭,艹,巴,,,,,,,
Да,丈,杖,木,丈,,,,,,,
Да,三,杉,木,彡,,,,,,,
Нет,,巫,工,人,人,,,,,,
Нет,,杈,木,叉,,,,,,,
Нет,,甫,一,丶,用,,,,,,
Нет,,匣,匚,甲,,,,,,,
Да,干,轩,车,干,,,,,,,
Да,卤,卤,卜,囗,乂,,,,,,
Да,小,肖,小,月,,,,,,,
Нет,,吱,口,十,又,,,,,,
Нет,,吠,口,犬,,,,,,,
Нет,,呕,口,匚,乂,,,,,,
Да,内,呐,口,内,,,,,,,
Да,今,吟,口,今,,,,,,,
Нет,,呛,口,人,卩,,,,,,
Да,勿,吻,口,勿,,,,,,,
Нет,,吭,口,亠,几,,,,,,
Нет,,邑,口,巴,,,,,,,
Нет,,囤,囗,屯,,,,,,,
Да,允,吮,口,厶,儿,,,,,,
Нет,,岖,山,匚,乂,,,,,,
Нет,,牡,牛,土,,,,,,,
Да,右,佑,人,一,丿,口,,,,,
Да,田,佃,人,田,,,,,,,
Нет,,伺,人,司,,,,,,,
Нет,,囱,丶,囗,夕,,,,,,
Да,工,肛,月,工,,,,,,,
Да,肘,肘,月,寸,,,,,,,
Да,田,甸,勹,田,,,,,,,
Да,贝,狈,犭,贝,,,,,,,
Да,九,鸠,九,鸟,,,,,,,
Да,肜,彤,丹,彡,,,,,,,
Да,久,灸,久,火,,,,,,,
Да,包,刨,勹,己,刀,,,,,,
Нет,,庇,广,匕,匕,,,,,,
Да,文,吝,文,口,,,,,,,
Нет,,庐,广,户,,,,,,,
Нет,,闰,门,王,,,,,,,
Нет,,兑,丷,口,儿,,,,,,
Нет,,灼,火,勺,,,,,,,
Да,木,沐,氵,木,,,,,,,
Нет,,沛,氵,巿,,,,,,,
Да,太,汰,氵,太,,,,,,,
Да,历,沥,氵,厂,力,,,,,,
Нет,,沦,氵,仑,,,,,,,
Да,凶,汹,氵,凵,乂,,,,,,
Нет,,沧,氵,人,卩,,,,,,
Да,户,沪,氵,户,,,,,,,
Нет,,忱,忄,冘,,,,,,,
Нет,,诅,讠,且,,,,,,,
Нет,,诈,讠,乍,,,,,,,
Да,干,罕,冖,乂,干,,,,,,
Нет,,屁,尸,匕,匕,,,,,,
Да,㒸,坠,阝,人,土,,,,,,
Нет,,妓,女,十,又,,,,,,
Нет,,姊,女,丿,乙,丨,丿,,,,
Да,石,妒,女,户,,,,,,,
Нет,,纬,纟,韦,,,,,,,
Нет,,玫,王,攵,,,,,,,
Нет,,卦,土,土,卜,,,,,,
Нет,,坷,土,丁,口,,,,,,
Нет,,坯,土,不,一,,,,,,
Да,石,拓,扌,石,,,,,,,
Нет,,坪,土,平,,,,,,,
Да,昆,坤,土,申,,,,,,,
Нет,,拄,扌,主,,,,,,,
Нет,,拧,扌,宀,丁,,,,,,
Нет,,拂,扌,弗,,,,,,,
Да,出,拙,扌,出,,,,,,,
Нет,,拇,扌,母,,,,,,,
Нет,,拗,扌,幺,力,,,,,,
Нет,,茉,艹,末,,,,,,,
Нет,,昔,井,日,,,,,,,
Нет,,苛,艹,丁,口,,,,,,
Нет,,苫,艹,卜,口,,,,,,
Да,句,苟,艹,勹,口,,,,,,
Да,包,苞,艹,勹,己,,,,,,
Да,出,茁,艹,出,,,,,,,
Нет,,苔,艹,厶,口,,,,,,
Да,王,枉,木,王,,,,,,,
Нет,,枢,木,匚,乂,,,,,,
Нет,,枚,木,攴,,,,,,,
Нет,,枫,木,风,,,,,,,
Нет,,杭,木,亠,几,,,,,,
Да,有,郁,一,丿,月,阝,,,,,
Нет,,矾,石,凡,,,,,,,
Нет,,奈,大,示,,,,,,,
Нет,,奄,大,电,,,,,,,
Нет,,殴,匚,乂,殳,,,,,,
Нет,,歧,止,十,又,,,,,,
Нет,,卓,卜,日,十,,,,,,
Нет,,昙,日,云,,,,,,,
Нет,,哎,口,艹,乂,,,,,,
Нет,,咕,口,十,口,,,,,,
Нет,,呵,口,丁,口,,,,,,
Нет,,咙,口,龙,,,,,,,
Да,申,呻,口,申,,,,,,,
Нет,,咒,口,口,几,,,,,,
Да,包,咆,口,勹,己,,,,,,
Нет,,咖,口,力,口,,,,,,
Да,白,帕,巾,白,,,,,,,
Нет,,账,贝,长,,,,,,,
Нет,,贬,贝,丿,之,,,,,,
Нет,,贮,贝,宀,一,,,,,,
Нет,,氛,气,八,刀,,,,,,
Нет,,秉,秉,,,,,,,,
Нет,,岳,丘,山,,,,,,,
Нет,,侠,人,夹,,,,,,,
Нет,,侥,人,𭠍,兀,,,,,,
Да,吕,侣,人,口,口,,,,,,
Нет,,侈,人,夕,夕,,,,,,
Нет,,卑,卑,,,,,,,,
Нет,,刽,人,云,刀,,,,,,
Нет,,刹,乂,木,刀,,,,,,
Нет,,肴,乂,一,丿,月,,,,,
Нет,,觅,爪,见,,,,,,,
Нет,,忿,八,刀,心,,,,,,
Нет,,瓮,八,厶,瓦,,,,,,
Нет,,肮,月,亠,几,,,,,,
Нет,,肪,月,方,,,,,,,
Нет,,狞,犭,宀,丁,,,,,,
Нет,,庞,广,龙,,,,,,,
Нет,,疟,疒,𰀂,,,,,,,
Да,乞,疙,疒,丿,一,乙,,,,,
Да,久,疚,疒,久,,,,,,,
Нет,,卒,亠,人,人,十,,,,,
Да,亡,氓,亡,民,,,,,,,
Да,巨,炬,火,巨,,,,,,,
Да,古,沽,氵,十,口,,,,,,
Нет,,沮,氵,且,,,,,,,
Да,立,泣,氵,立,,,,,,,
Нет,,泞,氵,宀,丁,,,,,,
Нет,,泌,氵,必,,,,,,,
Нет,,沼,氵,刀,口,,,,,,
Да,正,怔,忄,正,,,,,,,
Нет,,怯,忄,去,,,,,,,
Нет,,宠,宀,龙,,,,,,,
Нет,,宛,宀,夕,卩,,,,,,
Нет,,衩,衤,叉,,,,,,,
Нет,,祈,礻,斤,,,,,,,
Нет,,诡,讠,刀,厂,卩,,,,,
Нет,,帚,彐,冖,巾,,,,,,
Нет,,屉,尸,世,,,,,,,
Нет,,弧,弓,瓜,,,,,,,
Нет,,弥,弓,刀,小,,,,,,
Да,㔷,陋,阝,𠃊,丙,,,,,,
Да,百,陌,阝,百,,,,,,,
Нет,,函,凵,了,水,,,,,,
Нет,,姆,女,母,,,,,,,
Нет,,虱,乙,一,虫,,,,,,
Нет,,叁,厶,大,三,,,,,,
Да,申,绅,纟,申,,,,,,,
Да,句,驹,马,勹,口,,,,,,
Да,半,绊,纟,半,,,,,,,
Нет,,绎,纟,又,二,丨,,,,,
Нет,,契,丰,刀,大,,,,,,
Да,二,贰,弋,二,贝,,,,,,
Нет,,玷,王,卜,口,,,,,,
Нет,,玲,王,人,一,卩,,,,,
Нет,,珊,王,册,,,,,,,
Нет,,拭,扌,弋,工,,,,,,
Нет,,拷,扌,耂,丂,,,,,,
Да,共,拱,扌,井,八,,,,,,
Нет,,挟,扌,夹,,,,,,,
Да,后,垢,土,后,,,,,,,
Нет,,垛,土,几,木,,,,,,
Нет,,拯,扌,丞,,,,,,,
Да,耕,荆,艹,开,刂,,,,,,
Нет,,茸,艹,耳,,,,,,,
Нет,,茬,艹,一,人,土,,,,,
Нет,,荚,艹,夹,,,,,,,
Нет,,茵,艹,囗,大,,,,,,
Да,回,茴,艹,囗,口,,,,,,
Да,丩,荞,艹,夭,丿,丨,,,,,
Нет,,荠,艹,文,丿,丨,,,,,
Нет,,荤,艹,冖,车,,,,,,
Да,熒,荧,艹,冖,火,,,,,,
Нет,,荔,艹,力,力,力,,,,,
Нет,,栈,木,戋,,,,,,,
Нет,,柑,木,甘,,,,,,,
Нет,,栅,木,册,,,,,,,
Нет,,柠,木,宀,丁,,,,,,
Нет,,枷,木,力,口,,,,,,
Нет,,勃,十,冖,子,力,,,,,
Нет,,柬,木,口,丷,,,,,,
Нет,,砂,石,少,,,,,,,
Нет,,泵,石,水,,,,,,,
Да,见,砚,石,见,,,,,,,
Нет,,鸥,匚,乂,鸟,,,,,,
Да,由,轴,车,由,,,,,,,
Нет,,韭,非,一,,,,,,,
Нет,,虐,虍,𰀂,,,,,,,
Нет,,昧,日,未,,,,,,,
Нет,,盹,目,屯,,,,,,,
Нет,,咧,口,歹,刀,,,,,,
Нет,,昵,日,尸,匕,,,,,,
Нет,,昭,日,刀,口,,,,,,
Да,中,盅,中,皿,,,,,,,
Да,员,勋,口,贝,力,,,,,,
Нет,,哆,口,夕,夕,,,,,,
Нет,,咪,口,米,,,,,,,
Нет,,哟,口,纟,勺,,,,,,
Нет,,幽,山,幺,幺,,,,,,
Нет,,钙,钅,丐,,,,,,,
Нет,,钝,钅,屯,,,,,,,
Да,内,钠,钅,内,,,,,,,
Да,金,钦,钅,欠,,,,,,,
Нет,,钧,钅,勹,冫,,,,,,
Нет,,钮,钅,丑,,,,,,,
Да,旦,毡,毛,卜,口,,,,,,
Нет,,氢,气,又,土,,,,,,
Нет,,秕,禾,匕,匕,,,,,,
Да,肖,俏,人,小,月,,,,,,
Да,我,俄,人,我,,,,,,,
Да,利,俐,人,禾,刀,,,,,,
Нет,,侯,人,乛,一,矢,,,,,
Да,回,徊,彳,囗,口,,,,,,
Нет,,衍,彳,一,丁,氵,,,,,
Нет,,胚,月,不,一,,,,,,
Нет,,胧,月,龙,,,,,,,
Нет,,胎,月,厶,口,,,,,,
Да,争,狰,犭,争,,,,,,,
Да,耳,饵,饣,耳,,,,,,,
Нет,,峦,亦,山,,,,,,,
Да,亦,奕,亦,大,,,,,,,
Нет,,咨,冫,欠,口,,,,,,
Да,立,飒,立,风,,,,,,,
Нет,,闺,门,土,土,,,,,,
Да,门,闽,门,虫,,,,,,,
Нет,,籽,米,子,,,,,,,
Нет,,娄,米,女,,,,,,,
Нет,,烁,火,乐,,,,,,,
Да,玄,炫,火,亠,幺,,,,,,
Нет,,洼,氵,土,土,,,,,,
Да,七,柒,氵,七,木,,,,,,
Нет,,涎,氵,廴,𠂛,,,,,,
Да,各,洛,氵,夂,口,,,,,,
Да,寺,恃,忄,土,寸,,,,,,
Да,光,恍,忄,小,兀,,,,,,
Да,甜,恬,忄,舌,,,,,,,
Нет,,恤,忄,血,,,,,,,
Нет,,宦,宀,臣,,,,,,,
Да,戒,诫,讠,廾,戈,,,,,,
Да,巫,诬,讠,工,人,人,,,,,
Нет,,祠,礻,司,,,,,,,
Нет,,诲,讠,𠂉,母,,,,,,
Нет,,屏,尸,丷,开,,,,,,
Нет,,屎,尸,米,,,,,,,
Нет,,逊,辶,子,小,,,,,,
Да,员,陨,阝,口,贝,,,,,,
Нет,,姚,女,兆,,,,,,,
Нет,,娜,女,月,阝,,,,,,
Нет,,蚤,叉,虫,,,,,,,
Нет,,骇,马,亥,,,,,,,
Да,云,耘,耒,云,,,,,,,
Нет,,耙,耒,巴,,,,,,,
Нет,,秦,𡗗,禾,,,,,,,
Нет,,匿,匚,艹,一,丿,口,,,,
Нет,,埂,土,更,,,,,,,
Да,吾,捂,扌,五,口,,,,,,
Да,旱,捍,扌,日,干,,,,,,
Нет,,袁,土,口,𧘇,,,,,,
Нет,,捌,扌,口,力,刂,,,,,
Нет,,挫,扌,人,人,土,,,,,
Нет,,挚,扌,丸,手,,,,,,
Нет,,捣,扌,{⿱丿⿴#(-𠃌㇉)丶},山,,,,,,
Да,甬,捅,扌,龴,用,,,,,,
Нет,,埃,土,厶,矢,,,,,,
Нет,,耿,耳,火,,,,,,,
Нет,,聂,耳,又,又,,,,,,
Нет,,荸,艹,十,冖,子,,,,,
Нет,,莽,艹,犬,廾,,,,,,
Да,来,莱,艹,来,,,,,,,
Нет,,莉,艹,禾,刀,,,,,,
Да,熒,莹,艹,冖,玉,,,,,,
Нет,,莺,艹,冖,鸟,,,,,,
Нет,,梆,木,丰,阝,,,,,,
Нет,,栖,木,西,,,,,,,
Да,华,桦,木,人,匕,十,,,,,
Да,全,栓,木,人,王,,,,,,
Нет,,桅,木,刀,厂,卩,,,,,
Нет,,桩,木,广,土,,,,,,
Нет,,贾,西,贝,,,,,,,
Нет,,酌,酉,勺,,,,,,,
Нет,,砸,石,匚,巾,,,,,,
Нет,,砰,石,平,,,,,,,
Нет,,砾,石,乐,,,,,,,
Нет,,殉,歹,勹,日,,,,,,
Да,呈,逞,辶,口,王,,,,,,
Нет,,哮,口,耂,子,,,,,,
Да,劳,唠,口,艹,冖,力,,,,,
Нет,,哺,口,甫,,,,,,,
Нет,,剔,日,勿,刀,,,,,,
Нет,,蚌,虫,丰,,,,,,,
Нет,,蚜,虫,牙,,,,,,,
Да,半,畔,田,半,,,,,,,
Нет,,蚣,虫,八,厶,,,,,,
Да,斗,蚪,虫,斗,,,,,,,
Нет,,蚓,虫,弓,丨,,,,,,
Да,里,哩,口,里,,,,,,,
Нет,,圃,囗,甫,,,,,,,
Нет,,鸯,央,鸟,,,,,,,
Да,言,唁,口,言,,,,,,,
Нет,,哼,口,亠,口,了,,,,,
Да,夋,唆,口,厶,八,夂,,,,,
Да,肖,峭,山,小,月,,,,,,
Нет,,唧,口,{⿸𢀳丶},卩,,,,,,
Да,夋,峻,山,厶,八,夂,,,,,
Да,各,赂,贝,夂,口,,,,,,
Да,爿,赃,贝,广,土,,,,,,
Нет,,钾,钅,甲,,,,,,,
Нет,,铆,钅,卯,,,,,,,
Нет,,氨,气,宀,女,,,,,,
Да,术,秫,禾,木,丶,,,,,,
Нет,,笆,竹,巴,,,,,,,
Нет,,俺,人,大,电,,,,,,
Нет,,赁,人,壬,贝,,,,,,
Да,屈,倔,人,尸,出,,,,,,
Нет,,殷,㐆,殳,,,,,,,
Нет,,耸,人,人,耳,,,,,,
Нет,,舀,爪,臼,,,,,,,
Нет,,豺,豸,才,,,,,,,
Нет,,豹,豸,勺,,,,,,,
Нет,,颁,八,刀,页,,,,,,
Нет,,胯,月,大,一,丂,,,,,
Нет,,胰,月,夷,,,,,,,
Нет,,脐,月,文,丿,丨,,,,,
Нет,,脓,月,农,,,,,,,
Да,狂,逛,辶,犭,王,,,,,,
Нет,,卿,卯,{⿸𢀳丶},,,,,,,
Нет,,鸵,鸟,宀,匕,,,,,,
Нет,,鸳,夕,卩,鸟,,,,,,
Нет,,馁,饣,爪,女,,,,,,
Нет,,凌,冫,土,八,夂,,,,,
Нет,,凄,冫,妻,,,,,,,
Да,中,衷,衣,中,,,,,,,
Нет,,郭,亠,口,子,阝,,,,,
Нет,,斋,文,而,,,,,,,
Нет,,疹,疒,人,彡,,,,,,
Да,文,紊,文,糸,,,,,,,
Нет,,瓷,冫,欠,瓦,,,,,,
Нет,,羔,羊,火,,,,,,,
Да,各,烙,火,夂,口,,,,,,
Нет,,浦,氵,甫,,,,,,,
Нет,,涡,氵,口,内,,,,,,
Нет,,涣,氵,奂,,,,,,,
Нет,,涤,氵,夕,木,,,,,,
Да,闲,涧,氵,门,日,,,,,,
Нет,,涕,氵,弟,,,,,,,
Да,来,涩,氵,刃,止,,,,,,
Да,旱,悍,忄,日,干,,,,,,
Да,文,悯,忄,门,文,,,,,,
Нет,,窍,穴,工,丂,,,,,,
Нет,,诺,讠,艹,一,丿,口,,,,
Нет,,诽,讠,非,,,,,,,
Да,旦,袒,衤,日,一,,,,,,
Нет,,谆,讠,亠,口,子,,,,,
Нет,,祟,出,示,,,,,,,
Да,女,恕,女,口,心,,,,,,
Нет,,娩,女,免,,,,,,,
Да,夋,骏,马,厶,八,夂,,,,,
Да,琐,琐,王,小,贝,,,,,,
Нет,,麸,丰,夕,夫,,,,,,
Нет,,琉,王,亠,厶,川,,,,,
Да,良,琅,王,丶,艮,,,,,,
Нет,,措,扌,井,日,,,,,,
Нет,,捺,扌,大,示,,,,,,
Нет,,捶,扌,垂,,,,,,,
Да,亦,赦,赤,攴,,,,,,,
Нет,,埠,土,𠂤,十,,,,,,
Да,念,捻,扌,今,心,,,,,,
Нет,,掐,扌,刀,臼,,,,,,
Нет,,掂,扌,广,卜,口,,,,,
Да,夜,掖,扌,亠,人,夕,丶,,,,
Нет,,掷,扌,丷,天,阝,,,,,
Нет,,掸,扌,单,,,,,,,
Нет,,掺,扌,厶,大,彡,,,,,
Нет,,勘,其,乚,力,,,,,,
Нет,,聊,耳,卯,,,,,,,
Нет,,娶,耳,又,女,,,,,,
Нет,,菱,艹,土,八,夂,,,,,
Нет,,菲,艹,非,,,,,,,
Нет,,萎,艹,禾,女,,,,,,
Нет,,菩,艹,立,口,,,,,,
Нет,,萤,艹,冖,虫,,,,,,
Нет,,乾,十,日,十,丿,一,乙,,,
Нет,,萧,艹,肃,,,,,,,
Нет,,萨,艹,阝,产,,,,,,
Нет,,菇,艹,女,十,口,,,,,
Да,焚,彬,木,木,彡,,,,,,
Нет,,梗,木,更,,,,,,,
Да,吾,梧,木,五,口,,,,,,
Да,夋,梭,木,厶,八,夂,,,,,
Нет,,曹,卄,曰,日,,,,,,
Нет,,酝,酉,云,,,,,,,
Да,凶,酗,酉,凵,乂,,,,,,
Да,相,厢,厂,木,目,,,,,,
Нет,,硅,石,土,土,,,,,,
Да,石,硕,石,页,,,,,,,
Да,者,奢,大,耂,日,,,,,,
Да,灰,盔,厂,火,皿,,,,,,
Нет,,匾,匚,户,𠕁,,,,,,
Нет,,颅,卜,尸,页,,,,,,
Нет,,彪,虍,儿,彡,,,,,,
Да,匡,眶,目,匚,王,,,,,,
Да,吾,晤,日,五,口,,,,,,
Нет,,曼,曰,目,又,,,,,,
Нет,,晦,日,𠂉,母,,,,,,
Нет,,冕,冃,免,,,,,,,
Нет,,啡,口,非,,,,,,,
Нет,,畦,田,土,土,,,,,,
Да,止,趾,口,卜,人,止,,,,,
Нет,,啃,口,止,月,,,,,,
Нет,,蛆,虫,且,,,,,,,
Да,丘,蚯,虫,丘,,,,,,,
Нет,,蛉,虫,人,一,卩,,,,,
Нет,,蛀,虫,主,,,,,,,
Нет,,唬,口,虍,儿,,,,,,
Нет,,啰,口,罒,夕,,,,,,
Нет,,唾,口,垂,,,,,,,
Нет,,啤,口,卑,,,,,,,
Нет,,啥,口,人,舌,,,,,,
Нет,,啸,口,肃,,,,,,,
Нет,,崎,山,大,丁,口,,,,,
Нет,,逻,辶,罒,夕,,,,,,
Нет,,崔,山,隹,,,,,,,
Нет,,崩,山,月,月,,,,,,
Нет,,婴,贝,贝,女,,,,,,
Да,余,赊,贝,人,示,,,,,,
Нет,,铐,钅,耂,丂,,,,,,
Нет,,铛,钅,小,彐,,,,,,
Да,吕,铝,钅,口,口,,,,,,
Нет,,铡,钅,贝,刀,,,,,,
Да,先,铣,钅,丿,土,儿,,,,,
Да,名,铭,钅,夕,口,,,,,,
Нет,,矫,矢,夭,丿,丨,,,,,
Да,吉,秸,禾,士,口,,,,,,
Да,戉,秽,禾,山,夕,,,,,,
Да,生,笙,竹,生,,,,,,,
Нет,,笤,竹,刀,口,,,,,,
Нет,,偎,人,田,一,𰀠,,,,,
Нет,,傀,人,鬼,,,,,,,
Нет,,躯,身,匚,乂,,,,,,
Нет,,兜,匚,白,𠃌,一,儿,,,,
Нет,,衅,血,半,,,,,,,
Нет,,徘,彳,非,,,,,,,
Нет,,徙,彳,止,卜,人,,,,,
Да,白,舶,舟,白,,,,,,,
Да,弦,舷,舟,亠,幺,,,,,,
Нет,,舵,舟,宀,匕,,,,,,
Да,佥,敛,人,一,小,一,攴,,,,
Нет,,翎,人,一,卩,习,习,,,,
Нет,,脯,月,甫,,,,,,,
Нет,,逸,辶,免,丶,,,,,,
Да,皇,凰,几,白,王,,,,,,
Нет,,猖,犭,日,曰,,,,,,
Нет,,祭,𱼀,示,,,,,,,
Да,亨,烹,亠,口,了,火,,,,,
Да,石,庶,广,廿,火,,,,,,
Нет,,庵,广,大,电,,,,,,
Да,全,痊,疒,人,王,,,,,,
Нет,,阎,门,刀,臼,,,,,,
Нет,,阐,门,单,,,,,,,
Нет,,眷,丷,夫,目,,,,,,
Да,旱,焊,火,日,干,,,,,,
Нет,,焕,火,奂,,,,,,,
Да,工,鸿,氵,工,鸟,,,,,,
Нет,,涯,氵,厂,土,土,,,,,
Нет,,淑,氵,上,小,又,,,,,
Нет,,淌,氵,小,冂,口,,,,,
Нет,,淮,氵,隹,,,,,,,
Нет,,淆,氵,乂,一,丿,月,,,,
Нет,,渊,氵,丿,米,丨,,,,,
Нет,,淫,氵,爫,壬,,,,,,
Нет,,淳,氵,亠,口,子,,,,,
Нет,,淤,氵,方,人,冫,,,,,
Да,定,淀,氵,宀,乛,卜,人,,,,
Нет,,涮,氵,尸,巾,刀,,,,,
Нет,,涵,氵,凵,了,水,,,,,
Нет,,惦,忄,广,卜,口,,,,,
Нет,,悴,忄,亠,人,人,十,,,,
Нет,,惋,忄,宀,夕,卩,,,,,
Нет,,寂,宀,上,小,又,,,,,
Да,至,窒,穴,至,,,,,,,
Да,枼,谍,讠,世,木,,,,,,
Нет,,谐,讠,匕,匕,白,,,,,
Нет,,裆,衤,小,彐,,,,,,
Нет,,袱,衤,人,犬,,,,,,
Нет,,祷,礻,丰,寸,,,,,,
Нет,,谒,讠,日,勹,𠃊,人,,,,
Да,胃,谓,讠,田,月,,,,,,
Нет,,谚,讠,亠,丷,厂,彡,,,,
Нет,,尉,尸,示,寸,,,,,,
Нет,,堕,阝,一,丿,月,土,,,,
Нет,,隅,阝,禺,,,,,,,
Нет,,婉,女,宀,夕,卩,,,,,
Нет,,颇,皮,页,,,,,,,
Нет,,绰,纟,卜,日,十,,,,,
Нет,,绷,纟,月,月,,,,,,
Нет,,综,纟,宀,示,,,,,,
Да,定,绽,纟,宀,乛,卜,人,,,,
Нет,,缀,纟,又,又,又,又,,,,
Нет,,巢,巛,果,,,,,,,
Да,林,琳,王,木,木,,,,,,
Нет,,琢,王,豖,,,,,,,
Нет,,琼,王,京,,,,,,,
Нет,,揍,扌,𡗗,天,,,,,,
Нет,,堰,土,匚,日,女,,,,,
Нет,,揩,扌,匕,匕,白,,,,,
Да,监,揽,扌,丨,丨,丿,一,丶,见,,
Нет,,揖,扌,口,耳,,,,,,
Нет,,彭,十,豆,彡,,,,,,
Нет,,揣,扌,山,而,,,,,,
Да,毚,搀,扌,免,冫,,,,,,
Да,差,搓,扌,羊,工,,,,,,
Нет,,壹,士,冖,豆,,,,,,
Нет,,搔,扌,叉,虫,,,,,,
Да,胡,葫,艹,十,口,月,,,,,
Нет,,募,艹,日,大,力,,,,,
Да,爿,蒋,艹,丬,夕,寸,,,,,
Нет,,蒂,艹,亠,丷,冖,巾,,,,
Нет,,韩,十,日,十,韦,,,,,
Нет,,棱,木,土,八,夂,,,,,
Нет,,椰,木,耳,阝,,,,,,
Нет,,焚,木,木,火,,,,,,
Нет,,椎,木,隹,,,,,,,
Нет,,棺,木,宀,㠯,,,,,,
Да,郎,榔,木,丶,{⿸𢀳丶},阝,,,,,
Нет,,椭,木,阝,一,丿,月,,,,
Нет,,粟,西,米,,,,,,,
Да,来,棘,朿,朿,,,,,,,
Нет,,酣,酉,甘,,,,,,,
Да,鱼,酥,酉,禾,,,,,,,
Да,肖,硝,石,小,月,,,,,,
Нет,,硫,石,亠,厶,川,,,,,
Нет,,颊,夹,页,,,,,,,
Да,历,雳,雨,厂,力,,,,,,
Нет,,翘,𭠍,兀,习,习,,,,,
Нет,,凿,业,丷,干,凵,,,,,
Нет,,棠,小,冂,口,木,,,,,
Нет,,晰,日,木,斤,,,,,,
Нет,,鼎,鼎,,,,,,,,
Нет,,喳,口,木,日,一,,,,,
Нет,,遏,辶,日,勹,𠃊,人,,,,
Нет,,晾,日,京,,,,,,,
Нет,,畴,田,丰,寸,,,,,,
Нет,,跋,口,卜,人,一,丿,丶,又,,
Нет,,跛,口,卜,人,皮,,,,,
Да,回,蛔,虫,囗,口,,,,,,
Нет,,蜒,虫,廴,𠂛,,,,,,
Да,合,蛤,虫,人,一,口,,,,,
Нет,,鹃,口,月,鸟,,,,,,
Нет,,喻,口,人,一,月,刀,,,,
Нет,,啼,口,亠,丷,冖,巾,,,,
Нет,,喧,口,宀,二,日,,,,,
Нет,,嵌,山,甘,欠,,,,,,
Нет,,赋,贝,一,弋,止,,,,,
Да,𧶠,赎,贝,十,乛,头,,,,,
Нет,,赐,贝,日,勿,,,,,,
Нет,,锉,钅,人,人,土,,,,,
Нет,,锌,钅,辛,,,,,,,
Да,生,甥,生,田,力,,,,,,
Нет,,掰,手,八,刀,手,,,,,
Нет,,氮,气,火,火,,,,,,
Нет,,氯,气,彐,氺,,,,,,
Нет,,黍,禾,人,氺,,,,,,
Нет,,筏,竹,人,戈,,,,,,
Да,𧶠,牍,片,十,乛,头,,,,,
Нет,,粤,丶,冂,米,一,丂,,,,
Нет,,逾,辶,人,一,月,刀,,,,
Нет,,腌,月,大,电,,,,,,
Да,夜,腋,月,亠,人,夕,丶,,,,
Нет,,腕,月,宀,夕,卩,,,,,
Да,星,猩,犭,生,日,,,,,,
Да,胃,猬,犭,田,月,,,,,,
Нет,,惫,夂,田,心,,,,,,
Нет,,敦,亠,口,子,攴,,,,,
Нет,,痘,疒,豆,,,,,,,
Да,利,痢,疒,禾,刀,,,,,,
Нет,,痪,疒,奂,,,,,,,
Да,夋,竣,立,厶,八,夂,,,,,
Нет,,翔,羊,习,习,,,,,,
Нет,,奠,丷,酉,大,,,,,,
Да,㒸,遂,辶,丷,豕,,,,,,
Нет,,焙,火,立,口,,,,,,
Нет,,滞,氵,卅,冖,巾,,,,,
Да,相,湘,氵,木,目,,,,,,
Нет,,渤,氵,十,冖,子,力,,,,
Да,少,渺,氵,目,少,,,,,,
Да,贵,溃,氵,中,一,贝,,,,,
Нет,,溅,氵,贝,戋,,,,,,
Да,拜,湃,水,手,手,,,,,,
Нет,,愕,忄,口,口,一,丂,,,,
Да,皇,惶,忄,白,王,,,,,,
Нет,,寓,宀,禺,,,,,,,
Нет,,窖,穴,牛,口,,,,,,
Да,君,窘,穴,尹,口,,,,,,
Да,户,雇,户,隹,,,,,,,
Нет,,谤,讠,亠,丷,冖,方,,,,
Нет,,犀,尸,二,丨,二,牛,,,,
Нет,,隘,阝,丷,一,八,皿,,,,
Нет,,媒,女,甘,木,,,,,,
Нет,,媚,女,尸,丶,目,,,,,
Нет,,婿,女,乛,卜,人,月,,,,
Да,面,缅,纟,面,,,,,,,
Да,监,缆,纟,丨,丨,丿,一,丶,见,,
Нет,,缔,纟,亠,丷,冖,巾,,,,
Нет,,缕,纟,米,女,,,,,,
Нет,,骚,马,叉,虫,,,,,,
Нет,,瑟,王,王,必,,,,,,
Нет,,鹉,一,弋,止,鸟,,,,,
Нет,,瑰,王,鬼,,,,,,,
Да,唐,搪,扌,广,肀,口,,,,,
Да,甹,聘,耳,由,丂,,,,,,
Нет,,斟,其,乚,斗,,,,,,
Да,化,靴,革,人,匕,,,,,,
Нет,,靶,革,巴,,,,,,,
Нет,,蓖,艹,囟,匕,匕,,,,,
Нет,,蒿,艹,高,,,,,,,
Нет,,蒲,艹,氵,甫,,,,,,
Нет,,蓉,艹,宀,谷,,,,,,
Нет,,楔,木,丰,刀,大,,,,,
Нет,,椿,木,𡗗,日,,,,,,
Нет,,楷,木,匕,匕,白,,,,,
Да,监,榄,木,丨,丨,丿,一,丶,见,,
Нет,,楞,木,罒,方,,,,,,
Нет,,楣,木,尸,丶,目,,,,,
Да,各,酪,夂,口,酉,,,,,,
Да,典,碘,石,曲,八,,,,,,
Нет,,硼,石,月,月,,,,,,
Нет,,碉,石,冂,土,口,,,,,
Нет,,辐,车,一,口,田,,,,,
Нет,,辑,车,口,耳,,,,,,
Нет,,频,止,小,页,,,,,,
Да,者,睹,目,耂,日,,,,,,
Да,坴,睦,目,土,八,土,,,,,
Нет,,瞄,目,艹,田,,,,,,
Нет,,嗜,口,老,日,,,,,,
Нет,,嗦,口,十,冖,糸,,,,,
Нет,,暇,日,叚,,,,,,,
Нет,,畸,田,大,丁,口,,,,,
Нет,,跷,口,卜,人,𭠍,兀,,,,
Нет,,跺,口,卜,人,几,木,,,,
Да,吴,蜈,虫,口,天,,,,,,
Нет,,蜗,虫,口,内,,,,,,
Нет,,蜕,虫,丷,口,儿,,,,,
Да,甬,蛹,虫,龴,用,,,,,,
Нет,,嗅,口,自,犬,,,,,,
Нет,,嗡,口,八,厶,习,习,,,,
Да,蚩,嗤,口,山,一,虫,,,,,
Да,者,署,罒,耂,日,,,,,,
Нет,,蜀,罒,勹,虫,,,,,,
Да,晃,幌,巾,日,小,兀,,,,,
Нет,,锚,钅,艹,田,,,,,,
Нет,,锥,钅,隹,,,,,,,
Нет,,锨,钅,斤,欠,,,,,,
Да,定,锭,钅,宀,乛,卜,人,,,,
Нет,,锰,钅,子,皿,,,,,,
Нет,,稚,禾,隹,,,,,,,
Да,遗,颓,禾,几,页,,,,,,
Нет,,筷,竹,忄,夬,,,,,,
Нет,,魁,鬼,斗,,,,,,,
Да,吾,衙,彳,一,丁,五,口,,,,
Да,二,腻,月,弋,二,贝,,,,,
Нет,,腮,月,田,心,,,,,,
Нет,,腺,月,白,水,,,,,,
Нет,,鹏,月,月,鸟,,,,,,
Да,㣇,肄,匕,矢,聿,,,,,,
Да,袁,猿,犭,土,口,𧘇,,,,,
Да,顷,颖,匕,禾,页,,,,,,
Нет,,煞,刀,彐,攴,火,,,,,
Нет,,雏,刀,彐,隹,,,,,,
Нет,,馍,饣,艹,日,大,,,,,
Нет,,馏,饣,卯,田,,,,,,
Да,㐭,禀,亠,囗,口,示,,,,,
Да,畀,痹,疒,田,丌,,,,,,
Нет,,廓,广,亠,口,子,阝,,,,
Нет,,痴,疒,矢,口,,,,,,
Да,青,靖,立,丰,月,,,,,,
Да,朕,誊,丷,夫,言,,,,,,
Нет,,漓,氵,亠,凵,乂,禸,,,,
Нет,,溢,氵,丷,一,八,皿,,,,
Нет,,溯,氵,屰,月,,,,,,
Нет,,溶,氵,宀,谷,,,,,,
Нет,,滓,氵,宀,辛,,,,,,
Нет,,溺,氵,弓,冫,弓,冫,,,,
Нет,,寞,宀,艹,日,大,,,,,
Да,规,窥,穴,夫,见,,,,,,
Да,屈,窟,穴,尸,出,,,,,,
Нет,,寝,宀,丬,彐,冖,又,,,,
Нет,,褂,衤,土,土,卜,,,,,
Нет,,裸,衤,果,,,,,,,
Нет,,谬,讠,习,习,人,彡,,,,
Нет,,媳,女,自,心,,,,,,
Нет,,嫉,女,疒,矢,,,,,,
Нет,,缚,纟,甫,寸,,,,,,
Нет,,缤,纟,宀,丘,八,,,,,
Нет,,剿,巛,果,刀,,,,,,
Нет,,赘,𫠤,攵,贝,,,,,,
Да,敖,熬,𫠤,攵,火,,,,,,
Да,赤,赫,赤,赤,,,,,,,
Нет,,蔫,艹,正,{⿹⿺㇉一灬},,,,,,
Нет,,摹,艹,日,大,手,,,,,
Нет,,蔓,艹,曰,目,又,,,,,
Да,庶,蔗,艹,广,廿,火,,,,,
Нет,,蔼,艹,讠,日,勹,𠃊,人,,,
Нет,,熙,𦣞,巳,火,,,,,,
Да,尉,蔚,艹,尸,示,寸,,,,,
Нет,,兢,十,口,儿,十,口,儿,,,
Нет,,榛,木,𡗗,禾,,,,,,
Нет,,榕,木,宀,谷,,,,,,
Нет,,酵,酉,耂,子,,,,,,
Нет,,碟,石,世,木,,,,,,
Нет,,碴,石,木,日,一,,,,,
Нет,,碱,石,戊,一,口,,,,,
Нет,,碳,石,山,厂,火,,,,,
Да,袁,辕,车,土,口,𧘇,,,,,
Нет,,辖,车,宀,丰,口,,,,,
Нет,,雌,止,匕,隹,,,,,,
Да,野,墅,里,予,土,,,,,,
Нет,,嘁,口,丿,上,小,戈,,,,
Да,甬,踊,口,卜,人,龴,用,,,,
Нет,,蝉,虫,单,,,,,,,
Нет,,嘀,口,亠,丷,冂,十,口,,,
Нет,,幔,巾,曰,目,又,,,,,
Да,度,镀,钅,广,廿,又,,,,,
Нет,,舔,舌,天,心,,,,,,
Нет,,熏,丿,一,黑,,,,,,
Нет,,箍,竹,扌,匚,巾,,,,,
Нет,,箕,竹,其,,,,,,,
Нет,,箫,竹,肃,,,,,,,
Нет,,舆,臼,车,一,八,,,,,
Нет,,僧,人,丷,口,丨,丷,曰,,,
Да,孚,孵,卵,爪,子,,,,,,
Нет,,瘩,疒,艹,人,一,口,,,,
Нет,,瘟,疒,日,皿,,,,,,
Нет,,彰,立,日,十,彡,,,,,
Нет,,粹,米,亠,人,人,十,,,,
Нет,,漱,氵,束,欠,,,,,,
Нет,,漩,氵,方,丿,一,乛,卜,人,,
Нет,,漾,氵,羊,永,,,,,,
Да,康,慷,忄,广,隶,,,,,,
Да,寡,寡,宀,直,八,刀,,,,,
Нет,,寥,宀,习,习,人,彡,,,,
Нет,,谭,讠,西,日,十,,,,,
Нет,,褐,衤,日,勹,𠃊,人,,,,
Нет,,褪,衤,辶,艮,,,,,,
Да,遂,隧,阝,辶,丷,豕,,,,,
Нет,,嫡,女,亠,丷,冂,十,口,,,
Нет,,缨,纟,贝,贝,女,,,,,
Нет,,撵,扌,夫,夫,车,,,,,
Нет,,撩,扌,大,丷,日,小,,,,
Нет,,撮,扌,曰,耳,又,,,,,
Нет,,撬,扌,毛,毛,毛,,,,,
Да,禽,擒,扌,人,亠,凵,乂,禸,,,
Нет,,墩,土,亠,口,子,攴,,,,
Нет,,撰,扌,己,己,井,八,,,,
Нет,,鞍,革,宀,女,,,,,,
Нет,,蕊,艹,心,心,心,,,,,
Нет,,蕴,艹,纟,日,皿,,,,,
Нет,,樊,木,乂,乂,木,大,,,,
Нет,,樟,木,立,日,十,,,,,
Нет,,橄,木,𠃍,耳,攵,,,,,
Нет,,敷,甫,方,攴,,,,,,
Нет,,豌,豆,宀,夕,卩,,,,,
Нет,,醇,酉,亠,口,子,,,,,
Нет,,磕,石,去,皿,,,,,,
Нет,,磅,石,亠,丷,冖,方,,,,
Нет,,碾,石,尸,龷,𰀠,,,,,
Нет,,憋,㡀,攴,心,,,,,,
Нет,,嘶,口,其,斤,,,,,,
Нет,,嘲,口,十,日,十,月,,,,
Нет,,嘹,口,大,丷,日,小,,,,
Нет,,蝠,虫,一,口,田,,,,,
Нет,,蝎,虫,日,勹,𠃊,人,,,,
Нет,,蝌,虫,禾,斗,,,,,,
Да,皇,蝗,虫,白,王,,,,,,
Нет,,蝙,虫,户,𠕁,,,,,,
Нет,,嘿,口,黑,,,,,,,
Нет,,幢,巾,立,里,,,,,,
Нет,,镊,钅,耳,又,又,,,,,
Нет,,镐,钅,高,,,,,,,
Нет,,稽,禾,尤,匕,日,,,,,
Нет,,篓,竹,米,女,,,,,,
Нет,,膘,月,西,示,,,,,,
Да,里,鲤,鱼,里,,,,,,,
Нет,,鲫,鱼,{⿸𢀳丶},卩,,,,,,
Да,孚,褒,人,口,木,衣,,,,,
Нет,,瘪,疒,自,仑,,,,,,
Нет,,瘤,疒,卯,田,,,,,,
Нет,,瘫,疒,又,隹,,,,,,
Да,禀,凛,冫,亠,囗,口,示,,,,
Нет,,澎,氵,十,豆,彡,,,,,
Нет,,潭,氵,西,日,十,,,,,
Нет,,潦,氵,大,丷,日,小,,,,
Нет,,澳,氵,丶,冂,米,大,,,,
Нет,,潘,氵,釆,田,,,,,,
Нет,,澈,氵,亠,厶,月,攵,,,,
Нет,,澜,氵,门,柬,,,,,,
Нет,,澄,氵,癶,豆,,,,,,
Нет,,憔,忄,隹,火,,,,,,
Нет,,懊,忄,{⿱丿𭁨},大,,,,,,
Нет,,憎,心,丷,田,曰,,,,,
Нет,,翩,户,𠕁,习,习,,,,,
Нет,,褥,衤,辰,寸,,,,,,
Нет,,谴,讠,辶,中,一,尸,乛,一,,
Нет,,鹤,隺,鸟,,,,,,,
Нет,,憨,𠃍,耳,攵,心,,,,,
Нет,,履,尸,彳,丿,一,日,夂,,,
Нет,,嬉,女,士,口,丷,一,口,,,
Да,予,豫,予,象,,,,,,,
Нет,,缭,纟,大,丷,日,小,,,,
Нет,,撼,扌,戊,一,口,心,,,,
Нет,,擂,扌,雨,田,,,,,,
Да,亶,擅,扌,亠,囗,口,日,一,,,
Нет,,蕾,艹,雨,田,,,,,,
Нет,,薛,艹,户,乛,一,辛,,,,
Нет,,薇,艹,彳,山,兀,攴,,,,
Да,敬,擎,艹,勹,口,攴,手,,,,
Нет,,翰,十,日,十,人,习,习,,,
Нет,,噩,王,口,口,口,口,,,,
Нет,,橱,木,厂,豆,寸,,,,,
Нет,,橙,木,癶,豆,,,,,,
Нет,,瓢,西,示,瓜,,,,,,
Нет,,磺,石,黄,,,,,,,
Нет,,霍,雨,隹,,,,,,,
Нет,,霎,雨,立,女,,,,,,
Нет,,辙,车,彳,亠,厶,月,攵,,,
Нет,,冀,{⿰二丨},匕,田,井,八,,,,
Да,度,踱,口,卜,人,广,廿,又,,,
Нет,,蹂,口,卜,人,矛,木,,,,
Нет,,蟆,虫,艹,日,大,,,,,
Нет,,螃,虫,亠,丷,冖,方,,,,
Нет,,螟,虫,冖,日,六,,,,,
Нет,,噪,口,口,口,口,木,,,,
Нет,,鹦,贝,贝,女,鸟,,,,,
Да,今,黔,黑,今,,,,,,,
Нет,,穆,禾,白,小,彡,,,,,
Нет,,篡,竹,目,大,厶,,,,,
Нет,,篷,竹,辶,夂,丰,,,,,
Нет,,篙,竹,高,,,,,,,
Нет,,篱,竹,亠,凵,乂,禸,,,,
Нет,,儒,人,雨,而,,,,,,
Нет,,膳,月,羊,丷,一,口,,,,
Да,京,鲸,鱼,京,,,,,,,
Нет,,瘾,疒,阝,刀,彐,心,,,,
Нет,,瘸,疒,力,口,肉,,,,,
Да,造,糙,米,辶,牛,口,,,,,
Нет,,燎,火,大,丷,日,小,,,,
Нет,,濒,氵,止,小,页,,,,,
Нет,,憾,忄,戊,一,口,心,,,,
Нет,,懈,忄,角,刀,牛,,,,,
Нет,,窿,穴,阝,夂,一,生,,,,
Да,畺,缰,纟,三,田,田,,,,,
Нет,,壕,土,亠,口,冖,豕,,,,
Нет,,藐,艹,豸,白,儿,,,,,
Нет,,檬,木,艹,冖,一,豕,,,,
Нет,,檐,木,刀,厂,儿,言,,,,
Нет,,檩,木,亠,囗,口,示,,,,
Да,亶,檀,木,亠,囗,口,日,一,,,
Нет,,礁,石,隹,火,,,,,,
Нет,,磷,石,米,夕,㐄,,,,,
Нет,,瞭,目,大,丷,日,小,,,,
Да,舜,瞬,目,爫,冖,夕,㐄,,,,
Нет,,瞳,目,立,里,,,,,,
Нет,,瞪,目,癶,豆,,,,,,
Да,署,曙,日,罒,耂,日,,,,,
Нет,,蹋,口,卜,人,日,习,习,,,
Нет,,蟋,虫,釆,心,,,,,,
Нет,,蟀,虫,亠,幺,冫,丶,丶,十,,
Нет,,嚎,口,亠,口,冖,豕,,,,
Нет,,赡,贝,刀,厂,儿,言,,,,
Нет,,镣,钅,大,丷,日,小,,,,
Нет,,魏,禾,女,鬼,,,,,,
Нет,,簇,竹,方,丿,一,矢,,,,
Нет,,儡,人,田,田,田,,,,,
Нет,,徽,彳,山,一,糸,攵,,,,
Нет,,爵,爫,罒,{⿸𢀳丶},寸,,,,,
Нет,,朦,月,艹,冖,一,豕,,,,
Нет,,臊,月,口,口,口,木,,,,
Нет,,鳄,鱼,口,口,一,丂,,,,
Нет,,糜,广,木,木,米,,,,,
Да,嵒,癌,疒,口,口,口,山,,,,
Нет,,懦,忄,雨,而,,,,,,
Нет,,豁,宀,丰,口,谷,,,,,
Нет,,臀,月,尸,井,八,殳,,,,
Нет,,藕,艹,耒,禺,,,,,,
Да,朕,藤,艹,月,龹,氺,,,,,
Нет,,瞻,目,刀,厂,儿,言,,,,
Да,奡,嚣,口,口,页,口,口,,,,
Нет,,鳍,鱼,老,日,,,,,,
Да,剌,癞,疒,束,刀,贝,,,,,
Нет,,瀑,氵,日,龷,八,氺,,,,
Да,禁,襟,衤,木,木,示,,,,,
Нет,,璧,尸,口,辛,玉,,,,,
Нет,,戳,习,习,隹,戈,,,,,
Нет,,攒,扌,丿,土,儿,丿,土,儿,贝,
Нет,,孽,艹,户,乛,一,辛,子,,,
Нет,,蘑,艹,广,木,木,石,,,,
Нет,,藻,艹,氵,口,口,口,木,,,
Нет,,鳖,鱼,㡀,攴,,,,,,
Нет,,蹭,口,卜,人,丷,口,丨,丷,曰,
Нет,,蹬,口,卜,人,癶,豆,,,,
Нет,,簸,竹,其,皮,,,,,,
Нет,,簿,竹,氵,甫,寸,,,,,
Нет,,蟹,角,刀,牛,虫,,,,,
Нет,,靡,广,木,木,非,,,,,
Нет,,癣,疒,鱼,羊,,,,,,
Нет,,羹,羊,火,羊,大,,,,,
Нет,,鬓,镸,彡,宀,丘,八,,,,
Нет,,攘,扌,口,口,井,一,衣,,,
Нет,,蠕,虫,雨,而,,,,,,
Нет,,巍,山,禾,女,鬼,,,,,
Нет,,鳞,鱼,米,夕,㐄,,,,,
Нет,,糯,米,雨,而,,,,,,
Нет,,譬,尸,口,辛,言,,,,,
Нет,,霹,雨,尸,口,辛,,,,,
Да,门,躏,口,卜,人,艹,门,隹,,,
Нет,,髓,冎,月,辶,一,丿,工,月,,
Нет,,蘸,艹,酉,隹,火,,,,,
Нет,,镶,钅,口,口,井,一,衣,,,
Нет,,瓤,口,口,井,一,衣,瓜,,,
Нет,,矗,直,直,直,,,,,,
